date,department_id,shift,scheduled_staff,actual_staff,staffing_hours
2025-01-01,D01,Day,8,9,72
2025-01-01,D01,Evening,8,8,64
2025-01-01,D01,Night,8,8,64
2025-01-01,D02,Day,4,5,40
2025-01-01,D02,Evening,4,4,32
2025-01-01,D02,Night,3,1,8
2025-01-01,D03,Day,6,6,48
2025-01-01,D03,Evening,4,3,24
2025-01-01,D03,Night,8,6,48
2025-01-01,D04,Day,7,7,56
2025-01-01,D04,Evening,6,4,32
2025-01-01,D04,Night,7,7,56
2025-01-01,D05,Day,5,6,48
2025-01-01,D05,Evening,6,7,56
2025-01-01,D05,Night,6,6,48
2025-01-01,D06,Day,7,8,64
2025-01-01,D06,Evening,2,3,24
2025-01-01,D06,Night,5,5,40
2025-01-02,D01,Day,9,8,64
2025-01-02,D01,Evening,9,10,80
2025-01-02,D01,Night,8,6,48
2025-01-02,D02,Day,6,7,56
2025-01-02,D02,Evening,6,7,56
2025-01-02,D02,Night,5,3,24
2025-01-02,D03,Day,5,6,48
2025-01-02,D03,Evening,5,4,32
2025-01-02,D03,Night,7,7,56
2025-01-02,D04,Day,9,8,64
2025-01-02,D04,Evening,9,10,80
2025-01-02,D04,Night,9,9,72
2025-01-02,D05,Day,5,6,48
2025-01-02,D05,Evening,5,3,24
2025-01-02,D05,Night,4,3,24
2025-01-02,D06,Day,2,3,24
2025-01-02,D06,Evening,4,2,16
2025-01-02,D06,Night,3,1,8
2025-01-03,D01,Day,9,9,72
2025-01-03,D01,Evening,9,9,72
2025-01-03,D01,Night,7,7,56
2025-01-03,D02,Day,5,5,40
2025-01-03,D02,Evening,3,2,16
2025-01-03,D02,Night,4,4,32
2025-01-03,D03,Day,5,4,32
2025-01-03,D03,Evening,5,6,48
2025-01-03,D03,Night,6,6,48
2025-01-03,D04,Day,8,9,72
2025-01-03,D04,Evening,7,8,64
2025-01-03,D04,Night,5,5,40
2025-01-03,D05,Day,5,5,40
2025-01-03,D05,Evening,4,4,32
2025-01-03,D05,Night,5,6,48
2025-01-03,D06,Day,6,6,48
2025-01-03,D06,Evening,6,5,40
2025-01-03,D06,Night,4,4,32
2025-01-04,D01,Day,9,9,72
2025-01-04,D01,Evening,8,9,72
2025-01-04,D01,Night,12,12,96
2025-01-04,D02,Day,5,5,40
2025-01-04,D02,Evening,6,7,56
2025-01-04,D02,Night,8,8,64
2025-01-04,D03,Day,3,2,16
2025-01-04,D03,Evening,5,5,40
2025-01-04,D03,Night,6,5,40
2025-01-04,D04,Day,7,7,56
2025-01-04,D04,Evening,7,7,56
2025-01-04,D04,Night,9,10,80
2025-01-04,D05,Day,5,5,40
2025-01-04,D05,Evening,5,5,40
2025-01-04,D05,Night,3,3,24
2025-01-04,D06,Day,6,5,40
2025-01-04,D06,Evening,6,7,56
2025-01-04,D06,Night,4,5,40
2025-01-05,D01,Day,6,6,48
2025-01-05,D01,Evening,11,10,80
2025-01-05,D01,Night,8,9,72
2025-01-05,D02,Day,4,5,40
2025-01-05,D02,Evening,5,5,40
2025-01-05,D02,Night,5,5,40
2025-01-05,D03,Day,8,7,56
2025-01-05,D03,Evening,8,8,64
2025-01-05,D03,Night,5,3,24
2025-01-05,D04,Day,9,9,72
2025-01-05,D04,Evening,9,10,80
2025-01-05,D04,Night,8,8,64
2025-01-05,D05,Day,6,6,48
2025-01-05,D05,Evening,5,5,40
2025-01-05,D05,Night,8,6,48
2025-01-05,D06,Day,4,4,32
2025-01-05,D06,Evening,6,5,40
2025-01-05,D06,Night,3,2,16
2025-01-06,D01,Day,13,14,112
2025-01-06,D01,Evening,11,11,88
2025-01-06,D01,Night,8,8,64
2025-01-06,D02,Day,5,5,40
2025-01-06,D02,Evening,7,8,64
2025-01-06,D02,Night,4,4,32
2025-01-06,D03,Day,6,6,48
2025-01-06,D03,Evening,6,6,48
2025-01-06,D03,Night,5,4,32
2025-01-06,D04,Day,4,5,40
2025-01-06,D04,Evening,9,8,64
2025-01-06,D04,Night,5,5,40
2025-01-06,D05,Day,6,7,56
2025-01-06,D05,Evening,6,4,32
2025-01-06,D05,Night,6,7,56
2025-01-06,D06,Day,6,6,48
2025-01-06,D06,Evening,6,6,48
2025-01-06,D06,Night,7,7,56
2025-01-07,D01,Day,10,11,88
2025-01-07,D01,Evening,11,10,80
2025-01-07,D01,Night,8,8,64
2025-01-07,D02,Day,4,4,32
2025-01-07,D02,Evening,7,7,56
2025-01-07,D02,Night,2,2,16
2025-01-07,D03,Day,3,3,24
2025-01-07,D03,Evening,7,7,56
2025-01-07,D03,Night,7,6,48
2025-01-07,D04,Day,9,10,80
2025-01-07,D04,Evening,7,8,64
2025-01-07,D04,Night,8,7,56
2025-01-07,D05,Day,8,7,56
2025-01-07,D05,Evening,5,3,24
2025-01-07,D05,Night,7,8,64
2025-01-07,D06,Day,4,5,40
2025-01-07,D06,Evening,4,4,32
2025-01-07,D06,Night,2,1,8
2025-01-08,D01,Day,8,8,64
2025-01-08,D01,Evening,7,7,56
2025-01-08,D01,Night,9,9,72
2025-01-08,D02,Day,5,5,40
2025-01-08,D02,Evening,5,5,40
2025-01-08,D02,Night,5,3,24
2025-01-08,D03,Day,6,6,48
2025-01-08,D03,Evening,3,3,24
2025-01-08,D03,Night,5,3,24
2025-01-08,D04,Day,9,9,72
2025-01-08,D04,Evening,7,6,48
2025-01-08,D04,Night,8,8,64
2025-01-08,D05,Day,6,6,48
2025-01-08,D05,Evening,5,4,32
2025-01-08,D05,Night,4,2,16
2025-01-08,D06,Day,4,2,16
2025-01-08,D06,Evening,6,6,48
2025-01-08,D06,Night,7,7,56
2025-01-09,D01,Day,7,7,56
2025-01-09,D01,Evening,9,7,56
2025-01-09,D01,Night,5,4,32
2025-01-09,D02,Day,4,2,16
2025-01-09,D02,Evening,6,4,32
2025-01-09,D02,Night,4,3,24
2025-01-09,D03,Day,7,7,56
2025-01-09,D03,Evening,4,5,40
2025-01-09,D03,Night,6,4,32
2025-01-09,D04,Day,3,1,8
2025-01-09,D04,Evening,5,3,24
2025-01-09,D04,Night,8,7,56
2025-01-09,D05,Day,4,4,32
2025-01-09,D05,Evening,5,5,40
2025-01-09,D05,Night,3,3,24
2025-01-09,D06,Day,5,5,40
2025-01-09,D06,Evening,4,4,32
2025-01-09,D06,Night,5,5,40
2025-01-10,D01,Day,6,6,48
2025-01-10,D01,Evening,9,9,72
2025-01-10,D01,Night,11,12,96
2025-01-10,D02,Day,8,8,64
2025-01-10,D02,Evening,6,6,48
2025-01-10,D02,Night,5,6,48
2025-01-10,D03,Day,6,4,32
2025-01-10,D03,Evening,3,2,16
2025-01-10,D03,Night,8,6,48
2025-01-10,D04,Day,6,6,48
2025-01-10,D04,Evening,8,8,64
2025-01-10,D04,Night,8,6,48
2025-01-10,D05,Day,7,7,56
2025-01-10,D05,Evening,6,7,56
2025-01-10,D05,Night,6,5,40
2025-01-10,D06,Day,5,4,32
2025-01-10,D06,Evening,5,6,48
2025-01-10,D06,Night,6,4,32
2025-01-11,D01,Day,7,7,56
2025-01-11,D01,Evening,10,11,88
2025-01-11,D01,Night,9,9,72
2025-01-11,D02,Day,7,7,56
2025-01-11,D02,Evening,6,5,40
2025-01-11,D02,Night,7,5,40
2025-01-11,D03,Day,5,5,40
2025-01-11,D03,Evening,6,4,32
2025-01-11,D03,Night,3,2,16
2025-01-11,D04,Day,12,10,80
2025-01-11,D04,Evening,10,8,64
2025-01-11,D04,Night,8,8,64
2025-01-11,D05,Day,6,7,56
2025-01-11,D05,Evening,5,6,48
2025-01-11,D05,Night,8,7,56
2025-01-11,D06,Day,6,5,40
2025-01-11,D06,Evening,5,6,48
2025-01-11,D06,Night,6,5,40
2025-01-12,D01,Day,10,9,72
2025-01-12,D01,Evening,11,11,88
2025-01-12,D01,Night,7,7,56
2025-01-12,D02,Day,8,8,64
2025-01-12,D02,Evening,7,7,56
2025-01-12,D02,Night,8,9,72
2025-01-12,D03,Day,5,5,40
2025-01-12,D03,Evening,6,6,48
2025-01-12,D03,Night,5,6,48
2025-01-12,D04,Day,7,7,56
2025-01-12,D04,Evening,6,6,48
2025-01-12,D04,Night,8,6,48
2025-01-12,D05,Day,6,4,32
2025-01-12,D05,Evening,7,7,56
2025-01-12,D05,Night,5,5,40
2025-01-12,D06,Day,6,7,56
2025-01-12,D06,Evening,5,6,48
2025-01-12,D06,Night,2,2,16
2025-01-13,D01,Day,9,9,72
2025-01-13,D01,Evening,6,6,48
2025-01-13,D01,Night,10,9,72
2025-01-13,D02,Day,6,6,48
2025-01-13,D02,Evening,9,8,64
2025-01-13,D02,Night,6,5,40
2025-01-13,D03,Day,5,5,40
2025-01-13,D03,Evening,6,6,48
2025-01-13,D03,Night,9,8,64
2025-01-13,D04,Day,9,9,72
2025-01-13,D04,Evening,6,6,48
2025-01-13,D04,Night,10,11,88
2025-01-13,D05,Day,6,6,48
2025-01-13,D05,Evening,5,5,40
2025-01-13,D05,Night,4,4,32
2025-01-13,D06,Day,5,3,24
2025-01-13,D06,Evening,5,4,32
2025-01-13,D06,Night,5,4,32
2025-01-14,D01,Day,7,7,56
2025-01-14,D01,Evening,6,6,48
2025-01-14,D01,Night,10,9,72
2025-01-14,D02,Day,6,5,40
2025-01-14,D02,Evening,4,4,32
2025-01-14,D02,Night,5,5,40
2025-01-14,D03,Day,5,5,40
2025-01-14,D03,Evening,7,7,56
2025-01-14,D03,Night,5,5,40
2025-01-14,D04,Day,9,9,72
2025-01-14,D04,Evening,8,9,72
2025-01-14,D04,Night,10,10,80
2025-01-14,D05,Day,5,5,40
2025-01-14,D05,Evening,4,4,32
2025-01-14,D05,Night,5,5,40
2025-01-14,D06,Day,4,4,32
2025-01-14,D06,Evening,2,3,24
2025-01-14,D06,Night,5,4,32
2025-01-15,D01,Day,8,8,64
2025-01-15,D01,Evening,8,8,64
2025-01-15,D01,Night,6,7,56
2025-01-15,D02,Day,7,7,56
2025-01-15,D02,Evening,7,8,64
2025-01-15,D02,Night,7,7,56
2025-01-15,D03,Day,7,8,64
2025-01-15,D03,Evening,5,5,40
2025-01-15,D03,Night,4,2,16
2025-01-15,D04,Day,7,5,40
2025-01-15,D04,Evening,5,5,40
2025-01-15,D04,Night,8,7,56
2025-01-15,D05,Day,7,5,40
2025-01-15,D05,Evening,7,7,56
2025-01-15,D05,Night,6,6,48
2025-01-15,D06,Day,4,4,32
2025-01-15,D06,Evening,5,5,40
2025-01-15,D06,Night,5,5,40
2025-01-16,D01,Day,8,9,72
2025-01-16,D01,Evening,9,9,72
2025-01-16,D01,Night,7,7,56
2025-01-16,D02,Day,6,6,48
2025-01-16,D02,Evening,2,2,16
2025-01-16,D02,Night,2,2,16
2025-01-16,D03,Day,4,4,32
2025-01-16,D03,Evening,6,6,48
2025-01-16,D03,Night,5,3,24
2025-01-16,D04,Day,8,8,64
2025-01-16,D04,Evening,6,4,32
2025-01-16,D04,Night,9,9,72
2025-01-16,D05,Day,4,2,16
2025-01-16,D05,Evening,4,4,32
2025-01-16,D05,Night,5,6,48
2025-01-16,D06,Day,6,6,48
2025-01-16,D06,Evening,2,3,24
2025-01-16,D06,Night,6,4,32
2025-01-17,D01,Day,10,11,88
2025-01-17,D01,Evening,11,12,96
2025-01-17,D01,Night,10,10,80
2025-01-17,D02,Day,9,9,72
2025-01-17,D02,Evening,7,7,56
2025-01-17,D02,Night,4,4,32
2025-01-17,D03,Day,6,6,48
2025-01-17,D03,Evening,8,7,56
2025-01-17,D03,Night,4,5,40
2025-01-17,D04,Day,7,7,56
2025-01-17,D04,Evening,9,7,56
2025-01-17,D04,Night,7,8,64
2025-01-17,D05,Day,5,4,32
2025-01-17,D05,Evening,5,5,40
2025-01-17,D05,Night,5,5,40
2025-01-17,D06,Day,5,3,24
2025-01-17,D06,Evening,3,2,16
2025-01-17,D06,Night,4,2,16
2025-01-18,D01,Day,6,7,56
2025-01-18,D01,Evening,9,8,64
2025-01-18,D01,Night,6,5,40
2025-01-18,D02,Day,4,3,24
2025-01-18,D02,Evening,7,8,64
2025-01-18,D02,Night,6,6,48
2025-01-18,D03,Day,6,6,48
2025-01-18,D03,Evening,4,4,32
2025-01-18,D03,Night,7,7,56
2025-01-18,D04,Day,5,6,48
2025-01-18,D04,Evening,7,7,56
2025-01-18,D04,Night,8,8,64
2025-01-18,D05,Day,6,6,48
2025-01-18,D05,Evening,5,6,48
2025-01-18,D05,Night,5,6,48
2025-01-18,D06,Day,3,1,8
2025-01-18,D06,Evening,6,6,48
2025-01-18,D06,Night,4,5,40
2025-01-19,D01,Day,9,9,72
2025-01-19,D01,Evening,11,11,88
2025-01-19,D01,Night,9,10,80
2025-01-19,D02,Day,5,5,40
2025-01-19,D02,Evening,6,4,32
2025-01-19,D02,Night,6,7,56
2025-01-19,D03,Day,2,1,8
2025-01-19,D03,Evening,7,7,56
2025-01-19,D03,Night,9,9,72
2025-01-19,D04,Day,8,8,64
2025-01-19,D04,Evening,8,7,56
2025-01-19,D04,Night,5,4,32
2025-01-19,D05,Day,6,6,48
2025-01-19,D05,Evening,3,2,16
2025-01-19,D05,Night,4,2,16
2025-01-19,D06,Day,2,2,16
2025-01-19,D06,Evening,6,5,40
2025-01-19,D06,Night,7,8,64
2025-01-20,D01,Day,8,7,56
2025-01-20,D01,Evening,8,9,72
2025-01-20,D01,Night,11,10,80
2025-01-20,D02,Day,4,2,16
2025-01-20,D02,Evening,5,5,40
2025-01-20,D02,Night,5,5,40
2025-01-20,D03,Day,7,7,56
2025-01-20,D03,Evening,3,3,24
2025-01-20,D03,Night,9,8,64
2025-01-20,D04,Day,8,6,48
2025-01-20,D04,Evening,7,8,64
2025-01-20,D04,Night,5,5,40
2025-01-20,D05,Day,5,5,40
2025-01-20,D05,Evening,9,7,56
2025-01-20,D05,Night,5,3,24
2025-01-20,D06,Day,4,4,32
2025-01-20,D06,Evening,5,5,40
2025-01-20,D06,Night,8,8,64
2025-01-21,D01,Day,7,6,48
2025-01-21,D01,Evening,10,10,80
2025-01-21,D01,Night,8,6,48
2025-01-21,D02,Day,5,5,40
2025-01-21,D02,Evening,5,6,48
2025-01-21,D02,Night,7,7,56
2025-01-21,D03,Day,6,6,48
2025-01-21,D03,Evening,6,6,48
2025-01-21,D03,Night,7,8,64
2025-01-21,D04,Day,7,5,40
2025-01-21,D04,Evening,5,5,40
2025-01-21,D04,Night,7,5,40
2025-01-21,D05,Day,3,4,32
2025-01-21,D05,Evening,6,6,48
2025-01-21,D05,Night,3,3,24
2025-01-21,D06,Day,2,3,24
2025-01-21,D06,Evening,3,3,24
2025-01-21,D06,Night,4,4,32
2025-01-22,D01,Day,12,10,80
2025-01-22,D01,Evening,9,7,56
2025-01-22,D01,Night,11,11,88
2025-01-22,D02,Day,6,4,32
2025-01-22,D02,Evening,5,5,40
2025-01-22,D02,Night,5,4,32
2025-01-22,D03,Day,6,7,56
2025-01-22,D03,Evening,5,3,24
2025-01-22,D03,Night,7,7,56
2025-01-22,D04,Day,8,8,64
2025-01-22,D04,Evening,7,5,40
2025-01-22,D04,Night,7,5,40
2025-01-22,D05,Day,7,8,64
2025-01-22,D05,Evening,6,6,48
2025-01-22,D05,Night,6,6,48
2025-01-22,D06,Day,6,5,40
2025-01-22,D06,Evening,2,2,16
2025-01-22,D06,Night,4,2,16
2025-01-23,D01,Day,11,10,80
2025-01-23,D01,Evening,10,11,88
2025-01-23,D01,Night,5,6,48
2025-01-23,D02,Day,6,4,32
2025-01-23,D02,Evening,5,5,40
2025-01-23,D02,Night,5,5,40
2025-01-23,D03,Day,4,3,24
2025-01-23,D03,Evening,7,7,56
2025-01-23,D03,Night,5,4,32
2025-01-23,D04,Day,6,5,40
2025-01-23,D04,Evening,9,9,72
2025-01-23,D04,Night,9,7,56
2025-01-23,D05,Day,6,7,56
2025-01-23,D05,Evening,2,1,8
2025-01-23,D05,Night,5,5,40
2025-01-23,D06,Day,2,2,16
2025-01-23,D06,Evening,3,3,24
2025-01-23,D06,Night,3,3,24
2025-01-24,D01,Day,9,9,72
2025-01-24,D01,Evening,11,10,80
2025-01-24,D01,Night,6,7,56
2025-01-24,D02,Day,7,6,48
2025-01-24,D02,Evening,4,2,16
2025-01-24,D02,Night,7,5,40
2025-01-24,D03,Day,7,5,40
2025-01-24,D03,Evening,6,6,48
2025-01-24,D03,Night,6,6,48
2025-01-24,D04,Day,8,7,56
2025-01-24,D04,Evening,10,10,80
2025-01-24,D04,Night,8,8,64
2025-01-24,D05,Day,6,6,48
2025-01-24,D05,Evening,3,3,24
2025-01-24,D05,Night,7,8,64
2025-01-24,D06,Day,6,6,48
2025-01-24,D06,Evening,2,1,8
2025-01-24,D06,Night,5,5,40
2025-01-25,D01,Day,11,12,96
2025-01-25,D01,Evening,10,8,64
2025-01-25,D01,Night,7,6,48
2025-01-25,D02,Day,7,7,56
2025-01-25,D02,Evening,5,5,40
2025-01-25,D02,Night,6,7,56
2025-01-25,D03,Day,5,4,32
2025-01-25,D03,Evening,7,6,48
2025-01-25,D03,Night,5,6,48
2025-01-25,D04,Day,10,10,80
2025-01-25,D04,Evening,9,10,80
2025-01-25,D04,Night,6,7,56
2025-01-25,D05,Day,6,6,48
2025-01-25,D05,Evening,5,5,40
2025-01-25,D05,Night,7,6,48
2025-01-25,D06,Day,2,2,16
2025-01-25,D06,Evening,3,2,16
2025-01-25,D06,Night,4,4,32
2025-01-26,D01,Day,8,6,48
2025-01-26,D01,Evening,8,6,48
2025-01-26,D01,Night,8,8,64
2025-01-26,D02,Day,5,5,40
2025-01-26,D02,Evening,4,2,16
2025-01-26,D02,Night,8,8,64
2025-01-26,D03,Day,3,1,8
2025-01-26,D03,Evening,5,5,40
2025-01-26,D03,Night,8,7,56
2025-01-26,D04,Day,9,9,72
2025-01-26,D04,Evening,10,10,80
2025-01-26,D04,Night,7,7,56
2025-01-26,D05,Day,4,4,32
2025-01-26,D05,Evening,7,7,56
2025-01-26,D05,Night,4,5,40
2025-01-26,D06,Day,4,2,16
2025-01-26,D06,Evening,5,5,40
2025-01-26,D06,Night,5,5,40
2025-01-27,D01,Day,10,11,88
2025-01-27,D01,Evening,10,8,64
2025-01-27,D01,Night,7,5,40
2025-01-27,D02,Day,4,4,32
2025-01-27,D02,Evening,5,4,32
2025-01-27,D02,Night,7,5,40
2025-01-27,D03,Day,7,7,56
2025-01-27,D03,Evening,6,7,56
2025-01-27,D03,Night,4,5,40
2025-01-27,D04,Day,6,5,40
2025-01-27,D04,Evening,7,8,64
2025-01-27,D04,Night,9,7,56
2025-01-27,D05,Day,6,5,40
2025-01-27,D05,Evening,4,3,24
2025-01-27,D05,Night,7,5,40
2025-01-27,D06,Day,3,2,16
2025-01-27,D06,Evening,4,3,24
2025-01-27,D06,Night,4,4,32
2025-01-28,D01,Day,10,10,80
2025-01-28,D01,Evening,8,9,72
2025-01-28,D01,Night,12,12,96
2025-01-28,D02,Day,5,6,48
2025-01-28,D02,Evening,6,6,48
2025-01-28,D02,Night,6,5,40
2025-01-28,D03,Day,5,6,48
2025-01-28,D03,Evening,4,4,32
2025-01-28,D03,Night,3,3,24
2025-01-28,D04,Day,7,6,48
2025-01-28,D04,Evening,7,7,56
2025-01-28,D04,Night,9,8,64
2025-01-28,D05,Day,6,6,48
2025-01-28,D05,Evening,7,7,56
2025-01-28,D05,Night,6,5,40
2025-01-28,D06,Day,3,3,24
2025-01-28,D06,Evening,4,4,32
2025-01-28,D06,Night,2,1,8
2025-01-29,D01,Day,9,8,64
2025-01-29,D01,Evening,8,8,64
2025-01-29,D01,Night,9,9,72
2025-01-29,D02,Day,5,5,40
2025-01-29,D02,Evening,5,6,48
2025-01-29,D02,Night,6,6,48
2025-01-29,D03,Day,7,8,64
2025-01-29,D03,Evening,4,2,16
2025-01-29,D03,Night,7,7,56
2025-01-29,D04,Day,10,9,72
2025-01-29,D04,Evening,8,8,64
2025-01-29,D04,Night,5,4,32
2025-01-29,D05,Day,5,4,32
2025-01-29,D05,Evening,3,3,24
2025-01-29,D05,Night,7,6,48
2025-01-29,D06,Day,5,4,32
2025-01-29,D06,Evening,2,1,8
2025-01-29,D06,Night,4,5,40
2025-01-30,D01,Day,7,8,64
2025-01-30,D01,Evening,6,6,48
2025-01-30,D01,Night,10,10,80
2025-01-30,D02,Day,6,6,48
2025-01-30,D02,Evening,5,5,40
2025-01-30,D02,Night,4,4,32
2025-01-30,D03,Day,5,4,32
2025-01-30,D03,Evening,5,3,24
2025-01-30,D03,Night,7,8,64
2025-01-30,D04,Day,7,6,48
2025-01-30,D04,Evening,5,4,32
2025-01-30,D04,Night,10,8,64
2025-01-30,D05,Day,5,5,40
2025-01-30,D05,Evening,7,7,56
2025-01-30,D05,Night,6,6,48
2025-01-30,D06,Day,7,5,40
2025-01-30,D06,Evening,6,6,48
2025-01-30,D06,Night,5,3,24
2025-01-31,D01,Day,7,6,48
2025-01-31,D01,Evening,10,11,88
2025-01-31,D01,Night,8,7,56
2025-01-31,D02,Day,2,1,8
2025-01-31,D02,Evening,5,5,40
2025-01-31,D02,Night,6,5,40
2025-01-31,D03,Day,7,7,56
2025-01-31,D03,Evening,6,7,56
2025-01-31,D03,Night,4,5,40
2025-01-31,D04,Day,8,9,72
2025-01-31,D04,Evening,7,8,64
2025-01-31,D04,Night,8,9,72
2025-01-31,D05,Day,7,8,64
2025-01-31,D05,Evening,7,6,48
2025-01-31,D05,Night,4,4,32
2025-01-31,D06,Day,4,4,32
2025-01-31,D06,Evening,6,6,48
2025-01-31,D06,Night,3,3,24
2025-02-01,D01,Day,9,10,80
2025-02-01,D01,Evening,8,7,56
2025-02-01,D01,Night,11,12,96
2025-02-01,D02,Day,5,6,48
2025-02-01,D02,Evening,10,9,72
2025-02-01,D02,Night,5,3,24
2025-02-01,D03,Day,5,3,24
2025-02-01,D03,Evening,5,6,48
2025-02-01,D03,Night,3,3,24
2025-02-01,D04,Day,9,10,80
2025-02-01,D04,Evening,9,9,72
2025-02-01,D04,Night,7,6,48
2025-02-01,D05,Day,4,5,40
2025-02-01,D05,Evening,6,4,32
2025-02-01,D05,Night,2,1,8
2025-02-01,D06,Day,3,4,32
2025-02-01,D06,Evening,4,5,40
2025-02-01,D06,Night,4,2,16
2025-02-02,D01,Day,10,11,88
2025-02-02,D01,Evening,10,10,80
2025-02-02,D01,Night,8,9,72
2025-02-02,D02,Day,3,3,24
2025-02-02,D02,Evening,7,8,64
2025-02-02,D02,Night,6,4,32
2025-02-02,D03,Day,3,4,32
2025-02-02,D03,Evening,6,6,48
2025-02-02,D03,Night,5,6,48
2025-02-02,D04,Day,7,6,48
2025-02-02,D04,Evening,9,10,80
2025-02-02,D04,Night,4,5,40
2025-02-02,D05,Day,7,6,48
2025-02-02,D05,Evening,6,7,56
2025-02-02,D05,Night,4,3,24
2025-02-02,D06,Day,6,6,48
2025-02-02,D06,Evening,5,5,40
2025-02-02,D06,Night,5,4,32
2025-02-03,D01,Day,9,10,80
2025-02-03,D01,Evening,11,12,96
2025-02-03,D01,Night,9,9,72
2025-02-03,D02,Day,7,5,40
2025-02-03,D02,Evening,3,3,24
2025-02-03,D02,Night,5,3,24
2025-02-03,D03,Day,6,6,48
2025-02-03,D03,Evening,6,4,32
2025-02-03,D03,Night,7,7,56
2025-02-03,D04,Day,6,6,48
2025-02-03,D04,Evening,6,7,56
2025-02-03,D04,Night,7,7,56
2025-02-03,D05,Day,6,6,48
2025-02-03,D05,Evening,5,5,40
2025-02-03,D05,Night,5,5,40
2025-02-03,D06,Day,4,5,40
2025-02-03,D06,Evening,3,3,24
2025-02-03,D06,Night,4,3,24
2025-02-04,D01,Day,10,10,80
2025-02-04,D01,Evening,8,9,72
2025-02-04,D01,Night,11,11,88
2025-02-04,D02,Day,8,8,64
2025-02-04,D02,Evening,3,3,24
2025-02-04,D02,Night,5,6,48
2025-02-04,D03,Day,4,4,32
2025-02-04,D03,Evening,6,7,56
2025-02-04,D03,Night,5,6,48
2025-02-04,D04,Day,7,7,56
2025-02-04,D04,Evening,7,5,40
2025-02-04,D04,Night,7,8,64
2025-02-04,D05,Day,6,4,32
2025-02-04,D05,Evening,7,7,56
2025-02-04,D05,Night,7,6,48
2025-02-04,D06,Day,4,2,16
2025-02-04,D06,Evening,6,6,48
2025-02-04,D06,Night,7,6,48
2025-02-05,D01,Day,9,8,64
2025-02-05,D01,Evening,9,10,80
2025-02-05,D01,Night,10,10,80
2025-02-05,D02,Day,6,6,48
2025-02-05,D02,Evening,5,3,24
2025-02-05,D02,Night,7,7,56
2025-02-05,D03,Day,6,4,32
2025-02-05,D03,Evening,6,6,48
2025-02-05,D03,Night,6,6,48
2025-02-05,D04,Day,6,7,56
2025-02-05,D04,Evening,8,8,64
2025-02-05,D04,Night,10,10,80
2025-02-05,D05,Day,6,5,40
2025-02-05,D05,Evening,2,1,8
2025-02-05,D05,Night,6,6,48
2025-02-05,D06,Day,6,7,56
2025-02-05,D06,Evening,4,2,16
2025-02-05,D06,Night,6,6,48
2025-02-06,D01,Day,7,6,48
2025-02-06,D01,Evening,8,8,64
2025-02-06,D01,Night,10,9,72
2025-02-06,D02,Day,4,3,24
2025-02-06,D02,Evening,3,3,24
2025-02-06,D02,Night,4,4,32
2025-02-06,D03,Day,4,4,32
2025-02-06,D03,Evening,7,5,40
2025-02-06,D03,Night,7,7,56
2025-02-06,D04,Day,6,7,56
2025-02-06,D04,Evening,8,8,64
2025-02-06,D04,Night,7,7,56
2025-02-06,D05,Day,4,4,32
2025-02-06,D05,Evening,6,6,48
2025-02-06,D05,Night,6,6,48
2025-02-06,D06,Day,5,5,40
2025-02-06,D06,Evening,6,6,48
2025-02-06,D06,Night,3,3,24
2025-02-07,D01,Day,10,11,88
2025-02-07,D01,Evening,8,7,56
2025-02-07,D01,Night,7,5,40
2025-02-07,D02,Day,6,7,56
2025-02-07,D02,Evening,5,5,40
2025-02-07,D02,Night,3,2,16
2025-02-07,D03,Day,4,4,32
2025-02-07,D03,Evening,4,3,24
2025-02-07,D03,Night,5,5,40
2025-02-07,D04,Day,7,6,48
2025-02-07,D04,Evening,10,11,88
2025-02-07,D04,Night,8,6,48
2025-02-07,D05,Day,7,7,56
2025-02-07,D05,Evening,5,4,32
2025-02-07,D05,Night,2,1,8
2025-02-07,D06,Day,5,6,48
2025-02-07,D06,Evening,3,4,32
2025-02-07,D06,Night,6,4,32
2025-02-08,D01,Day,6,4,32
2025-02-08,D01,Evening,8,8,64
2025-02-08,D01,Night,10,10,80
2025-02-08,D02,Day,6,6,48
2025-02-08,D02,Evening,4,3,24
2025-02-08,D02,Night,5,6,48
2025-02-08,D03,Day,2,2,16
2025-02-08,D03,Evening,4,4,32
2025-02-08,D03,Night,5,3,24
2025-02-08,D04,Day,9,9,72
2025-02-08,D04,Evening,7,7,56
2025-02-08,D04,Night,6,6,48
2025-02-08,D05,Day,6,6,48
2025-02-08,D05,Evening,6,4,32
2025-02-08,D05,Night,7,7,56
2025-02-08,D06,Day,6,6,48
2025-02-08,D06,Evening,3,3,24
2025-02-08,D06,Night,3,2,16
2025-02-09,D01,Day,8,8,64
2025-02-09,D01,Evening,8,8,64
2025-02-09,D01,Night,8,7,56
2025-02-09,D02,Day,3,3,24
2025-02-09,D02,Evening,6,5,40
2025-02-09,D02,Night,3,3,24
2025-02-09,D03,Day,6,5,40
2025-02-09,D03,Evening,7,6,48
2025-02-09,D03,Night,5,5,40
2025-02-09,D04,Day,9,9,72
2025-02-09,D04,Evening,8,8,64
2025-02-09,D04,Night,8,7,56
2025-02-09,D05,Day,7,8,64
2025-02-09,D05,Evening,6,4,32
2025-02-09,D05,Night,8,9,72
2025-02-09,D06,Day,5,4,32
2025-02-09,D06,Evening,5,5,40
2025-02-09,D06,Night,8,9,72
2025-02-10,D01,Day,9,10,80
2025-02-10,D01,Evening,10,8,64
2025-02-10,D01,Night,9,9,72
2025-02-10,D02,Day,6,7,56
2025-02-10,D02,Evening,4,4,32
2025-02-10,D02,Night,6,6,48
2025-02-10,D03,Day,6,6,48
2025-02-10,D03,Evening,5,5,40
2025-02-10,D03,Night,7,7,56
2025-02-10,D04,Day,6,7,56
2025-02-10,D04,Evening,8,6,48
2025-02-10,D04,Night,11,9,72
2025-02-10,D05,Day,4,5,40
2025-02-10,D05,Evening,5,5,40
2025-02-10,D05,Night,7,8,64
2025-02-10,D06,Day,3,2,16
2025-02-10,D06,Evening,4,4,32
2025-02-10,D06,Night,3,1,8
2025-02-11,D01,Day,12,13,104
2025-02-11,D01,Evening,6,6,48
2025-02-11,D01,Night,9,9,72
2025-02-11,D02,Day,5,5,40
2025-02-11,D02,Evening,6,6,48
2025-02-11,D02,Night,7,7,56
2025-02-11,D03,Day,7,6,48
2025-02-11,D03,Evening,4,4,32
2025-02-11,D03,Night,6,7,56
2025-02-11,D04,Day,9,8,64
2025-02-11,D04,Evening,10,8,64
2025-02-11,D04,Night,7,5,40
2025-02-11,D05,Day,4,4,32
2025-02-11,D05,Evening,7,7,56
2025-02-11,D05,Night,5,4,32
2025-02-11,D06,Day,5,4,32
2025-02-11,D06,Evening,5,5,40
2025-02-11,D06,Night,6,4,32
2025-02-12,D01,Day,11,11,88
2025-02-12,D01,Evening,8,6,48
2025-02-12,D01,Night,10,11,88
2025-02-12,D02,Day,5,4,32
2025-02-12,D02,Evening,4,4,32
2025-02-12,D02,Night,6,6,48
2025-02-12,D03,Day,3,3,24
2025-02-12,D03,Evening,8,9,72
2025-02-12,D03,Night,4,4,32
2025-02-12,D04,Day,8,8,64
2025-02-12,D04,Evening,7,7,56
2025-02-12,D04,Night,7,7,56
2025-02-12,D05,Day,7,7,56
2025-02-12,D05,Evening,5,5,40
2025-02-12,D05,Night,7,7,56
2025-02-12,D06,Day,6,6,48
2025-02-12,D06,Evening,7,8,64
2025-02-12,D06,Night,4,5,40
2025-02-13,D01,Day,10,9,72
2025-02-13,D01,Evening,11,11,88
2025-02-13,D01,Night,8,8,64
2025-02-13,D02,Day,6,6,48
2025-02-13,D02,Evening,7,7,56
2025-02-13,D02,Night,7,7,56
2025-02-13,D03,Day,5,5,40
2025-02-13,D03,Evening,4,4,32
2025-02-13,D03,Night,9,8,64
2025-02-13,D04,Day,8,6,48
2025-02-13,D04,Evening,9,7,56
2025-02-13,D04,Night,8,8,64
2025-02-13,D05,Day,5,3,24
2025-02-13,D05,Evening,5,5,40
2025-02-13,D05,Night,7,7,56
2025-02-13,D06,Day,6,6,48
2025-02-13,D06,Evening,7,7,56
2025-02-13,D06,Night,6,6,48
2025-02-14,D01,Day,8,6,48
2025-02-14,D01,Evening,9,9,72
2025-02-14,D01,Night,11,11,88
2025-02-14,D02,Day,6,6,48
2025-02-14,D02,Evening,6,4,32
2025-02-14,D02,Night,6,6,48
2025-02-14,D03,Day,7,7,56
2025-02-14,D03,Evening,5,6,48
2025-02-14,D03,Night,6,7,56
2025-02-14,D04,Day,8,6,48
2025-02-14,D04,Evening,8,8,64
2025-02-14,D04,Night,6,6,48
2025-02-14,D05,Day,4,3,24
2025-02-14,D05,Evening,7,7,56
2025-02-14,D05,Night,6,6,48
2025-02-14,D06,Day,6,7,56
2025-02-14,D06,Evening,6,7,56
2025-02-14,D06,Night,5,3,24
2025-02-15,D01,Day,11,10,80
2025-02-15,D01,Evening,11,12,96
2025-02-15,D01,Night,7,7,56
2025-02-15,D02,Day,5,4,32
2025-02-15,D02,Evening,5,6,48
2025-02-15,D02,Night,7,8,64
2025-02-15,D03,Day,5,4,32
2025-02-15,D03,Evening,8,9,72
2025-02-15,D03,Night,8,8,64
2025-02-15,D04,Day,8,6,48
2025-02-15,D04,Evening,6,5,40
2025-02-15,D04,Night,7,7,56
2025-02-15,D05,Day,6,7,56
2025-02-15,D05,Evening,5,5,40
2025-02-15,D05,Night,4,4,32
2025-02-15,D06,Day,4,5,40
2025-02-15,D06,Evening,4,4,32
2025-02-15,D06,Night,5,5,40
2025-02-16,D01,Day,9,7,56
2025-02-16,D01,Evening,6,7,56
2025-02-16,D01,Night,10,10,80
2025-02-16,D02,Day,6,6,48
2025-02-16,D02,Evening,6,4,32
2025-02-16,D02,Night,4,2,16
2025-02-16,D03,Day,7,7,56
2025-02-16,D03,Evening,7,7,56
2025-02-16,D03,Night,7,7,56
2025-02-16,D04,Day,8,7,56
2025-02-16,D04,Evening,5,3,24
2025-02-16,D04,Night,8,9,72
2025-02-16,D05,Day,7,8,64
2025-02-16,D05,Evening,3,1,8
2025-02-16,D05,Night,7,7,56
2025-02-16,D06,Day,7,7,56
2025-02-16,D06,Evening,5,5,40
2025-02-16,D06,Night,6,7,56
2025-02-17,D01,Day,7,5,40
2025-02-17,D01,Evening,8,8,64
2025-02-17,D01,Night,11,11,88
2025-02-17,D02,Day,2,2,16
2025-02-17,D02,Evening,3,3,24
2025-02-17,D02,Night,7,6,48
2025-02-17,D03,Day,6,7,56
2025-02-17,D03,Evening,5,5,40
2025-02-17,D03,Night,3,3,24
2025-02-17,D04,Day,8,8,64
2025-02-17,D04,Evening,6,4,32
2025-02-17,D04,Night,10,8,64
2025-02-17,D05,Day,6,6,48
2025-02-17,D05,Evening,4,2,16
2025-02-17,D05,Night,7,7,56
2025-02-17,D06,Day,7,7,56
2025-02-17,D06,Evening,5,5,40
2025-02-17,D06,Night,5,5,40
2025-02-18,D01,Day,9,10,80
2025-02-18,D01,Evening,11,11,88
2025-02-18,D01,Night,8,8,64
2025-02-18,D02,Day,5,3,24
2025-02-18,D02,Evening,5,4,32
2025-02-18,D02,Night,6,6,48
2025-02-18,D03,Day,7,7,56
2025-02-18,D03,Evening,5,5,40
2025-02-18,D03,Night,5,5,40
2025-02-18,D04,Day,9,7,56
2025-02-18,D04,Evening,6,6,48
2025-02-18,D04,Night,7,8,64
2025-02-18,D05,Day,5,5,40
2025-02-18,D05,Evening,5,4,32
2025-02-18,D05,Night,7,7,56
2025-02-18,D06,Day,3,2,16
2025-02-18,D06,Evening,4,4,32
2025-02-18,D06,Night,5,3,24
2025-02-19,D01,Day,9,9,72
2025-02-19,D01,Evening,10,10,80
2025-02-19,D01,Night,7,7,56
2025-02-19,D02,Day,7,5,40
2025-02-19,D02,Evening,6,4,32
2025-02-19,D02,Night,9,9,72
2025-02-19,D03,Day,6,6,48
2025-02-19,D03,Evening,2,2,16
2025-02-19,D03,Night,4,4,32
2025-02-19,D04,Day,5,5,40
2025-02-19,D04,Evening,8,8,64
2025-02-19,D04,Night,8,8,64
2025-02-19,D05,Day,4,5,40
2025-02-19,D05,Evening,6,6,48
2025-02-19,D05,Night,5,4,32
2025-02-19,D06,Day,7,6,48
2025-02-19,D06,Evening,7,5,40
2025-02-19,D06,Night,4,4,32
2025-02-20,D01,Day,9,9,72
2025-02-20,D01,Evening,9,7,56
2025-02-20,D01,Night,8,8,64
2025-02-20,D02,Day,6,7,56
2025-02-20,D02,Evening,5,4,32
2025-02-20,D02,Night,5,6,48
2025-02-20,D03,Day,7,7,56
2025-02-20,D03,Evening,6,6,48
2025-02-20,D03,Night,7,7,56
2025-02-20,D04,Day,4,4,32
2025-02-20,D04,Evening,8,9,72
2025-02-20,D04,Night,6,6,48
2025-02-20,D05,Day,8,8,64
2025-02-20,D05,Evening,7,7,56
2025-02-20,D05,Night,5,5,40
2025-02-20,D06,Day,4,2,16
2025-02-20,D06,Evening,4,4,32
2025-02-20,D06,Night,5,5,40
2025-02-21,D01,Day,9,9,72
2025-02-21,D01,Evening,9,9,72
2025-02-21,D01,Night,11,11,88
2025-02-21,D02,Day,6,5,40
2025-02-21,D02,Evening,7,6,48
2025-02-21,D02,Night,3,3,24
2025-02-21,D03,Day,6,6,48
2025-02-21,D03,Evening,10,9,72
2025-02-21,D03,Night,5,3,24
2025-02-21,D04,Day,9,9,72
2025-02-21,D04,Evening,8,6,48
2025-02-21,D04,Night,7,7,56
2025-02-21,D05,Day,6,7,56
2025-02-21,D05,Evening,6,5,40
2025-02-21,D05,Night,5,5,40
2025-02-21,D06,Day,5,3,24
2025-02-21,D06,Evening,3,3,24
2025-02-21,D06,Night,7,8,64
2025-02-22,D01,Day,8,8,64
2025-02-22,D01,Evening,9,10,80
2025-02-22,D01,Night,8,8,64
2025-02-22,D02,Day,4,4,32
2025-02-22,D02,Evening,7,7,56
2025-02-22,D02,Night,7,7,56
2025-02-22,D03,Day,5,5,40
2025-02-22,D03,Evening,7,6,48
2025-02-22,D03,Night,6,6,48
2025-02-22,D04,Day,12,12,96
2025-02-22,D04,Evening,8,8,64
2025-02-22,D04,Night,8,8,64
2025-02-22,D05,Day,7,6,48
2025-02-22,D05,Evening,4,4,32
2025-02-22,D05,Night,5,5,40
2025-02-22,D06,Day,5,5,40
2025-02-22,D06,Evening,2,3,24
2025-02-22,D06,Night,7,6,48
2025-02-23,D01,Day,8,9,72
2025-02-23,D01,Evening,6,4,32
2025-02-23,D01,Night,8,6,48
2025-02-23,D02,Day,3,3,24
2025-02-23,D02,Evening,7,7,56
2025-02-23,D02,Night,6,5,40
2025-02-23,D03,Day,5,3,24
2025-02-23,D03,Evening,5,5,40
2025-02-23,D03,Night,8,8,64
2025-02-23,D04,Day,7,7,56
2025-02-23,D04,Evening,8,8,64
2025-02-23,D04,Night,8,7,56
2025-02-23,D05,Day,4,5,40
2025-02-23,D05,Evening,6,6,48
2025-02-23,D05,Night,5,4,32
2025-02-23,D06,Day,6,7,56
2025-02-23,D06,Evening,7,6,48
2025-02-23,D06,Night,3,3,24
2025-02-24,D01,Day,7,6,48
2025-02-24,D01,Evening,10,11,88
2025-02-24,D01,Night,6,6,48
2025-02-24,D02,Day,5,6,48
2025-02-24,D02,Evening,6,4,32
2025-02-24,D02,Night,6,4,32
2025-02-24,D03,Day,6,6,48
2025-02-24,D03,Evening,6,5,40
2025-02-24,D03,Night,4,5,40
2025-02-24,D04,Day,8,7,56
2025-02-24,D04,Evening,6,7,56
2025-02-24,D04,Night,7,6,48
2025-02-24,D05,Day,4,4,32
2025-02-24,D05,Evening,5,4,32
2025-02-24,D05,Night,7,5,40
2025-02-24,D06,Day,7,8,64
2025-02-24,D06,Evening,2,1,8
2025-02-24,D06,Night,6,4,32
2025-02-25,D01,Day,8,8,64
2025-02-25,D01,Evening,10,8,64
2025-02-25,D01,Night,6,6,48
2025-02-25,D02,Day,4,2,16
2025-02-25,D02,Evening,9,9,72
2025-02-25,D02,Night,6,7,56
2025-02-25,D03,Day,7,7,56
2025-02-25,D03,Evening,4,2,16
2025-02-25,D03,Night,6,7,56
2025-02-25,D04,Day,7,5,40
2025-02-25,D04,Evening,10,10,80
2025-02-25,D04,Night,8,8,64
2025-02-25,D05,Day,3,3,24
2025-02-25,D05,Evening,5,6,48
2025-02-25,D05,Night,6,6,48
2025-02-25,D06,Day,7,8,64
2025-02-25,D06,Evening,4,4,32
2025-02-25,D06,Night,5,5,40
2025-02-26,D01,Day,10,10,80
2025-02-26,D01,Evening,9,7,56
2025-02-26,D01,Night,8,8,64
2025-02-26,D02,Day,6,6,48
2025-02-26,D02,Evening,5,5,40
2025-02-26,D02,Night,6,6,48
2025-02-26,D03,Day,3,3,24
2025-02-26,D03,Evening,6,6,48
2025-02-26,D03,Night,6,6,48
2025-02-26,D04,Day,6,4,32
2025-02-26,D04,Evening,5,5,40
2025-02-26,D04,Night,8,7,56
2025-02-26,D05,Day,4,5,40
2025-02-26,D05,Evening,4,4,32
2025-02-26,D05,Night,8,8,64
2025-02-26,D06,Day,5,3,24
2025-02-26,D06,Evening,3,3,24
2025-02-26,D06,Night,8,8,64
2025-02-27,D01,Day,9,9,72
2025-02-27,D01,Evening,6,7,56
2025-02-27,D01,Night,8,8,64
2025-02-27,D02,Day,5,5,40
2025-02-27,D02,Evening,6,7,56
2025-02-27,D02,Night,6,4,32
2025-02-27,D03,Day,3,3,24
2025-02-27,D03,Evening,6,4,32
2025-02-27,D03,Night,8,6,48
2025-02-27,D04,Day,10,9,72
2025-02-27,D04,Evening,6,6,48
2025-02-27,D04,Night,8,8,64
2025-02-27,D05,Day,7,8,64
2025-02-27,D05,Evening,6,6,48
2025-02-27,D05,Night,5,6,48
2025-02-27,D06,Day,6,4,32
2025-02-27,D06,Evening,3,1,8
2025-02-27,D06,Night,5,5,40
2025-02-28,D01,Day,8,7,56
2025-02-28,D01,Evening,7,8,64
2025-02-28,D01,Night,7,7,56
2025-02-28,D02,Day,4,5,40
2025-02-28,D02,Evening,6,4,32
2025-02-28,D02,Night,4,5,40
2025-02-28,D03,Day,2,1,8
2025-02-28,D03,Evening,5,6,48
2025-02-28,D03,Night,4,2,16
2025-02-28,D04,Day,8,8,64
2025-02-28,D04,Evening,8,7,56
2025-02-28,D04,Night,7,6,48
2025-02-28,D05,Day,5,6,48
2025-02-28,D05,Evening,4,5,40
2025-02-28,D05,Night,4,4,32
2025-02-28,D06,Day,7,7,56
2025-02-28,D06,Evening,5,5,40
2025-02-28,D06,Night,5,5,40
2025-03-01,D01,Day,8,8,64
2025-03-01,D01,Evening,8,9,72
2025-03-01,D01,Night,10,9,72
2025-03-01,D02,Day,4,4,32
2025-03-01,D02,Evening,7,8,64
2025-03-01,D02,Night,8,8,64
2025-03-01,D03,Day,4,4,32
2025-03-01,D03,Evening,7,5,40
2025-03-01,D03,Night,5,6,48
2025-03-01,D04,Day,8,9,72
2025-03-01,D04,Evening,7,8,64
2025-03-01,D04,Night,8,8,64
2025-03-01,D05,Day,6,6,48
2025-03-01,D05,Evening,5,5,40
2025-03-01,D05,Night,6,7,56
2025-03-01,D06,Day,4,4,32
2025-03-01,D06,Evening,2,1,8
2025-03-01,D06,Night,5,5,40
2025-03-02,D01,Day,7,7,56
2025-03-02,D01,Evening,9,9,72
2025-03-02,D01,Night,6,6,48
2025-03-02,D02,Day,2,2,16
2025-03-02,D02,Evening,5,3,24
2025-03-02,D02,Night,5,3,24
2025-03-02,D03,Day,5,5,40
2025-03-02,D03,Evening,6,6,48
2025-03-02,D03,Night,4,4,32
2025-03-02,D04,Day,6,4,32
2025-03-02,D04,Evening,7,6,48
2025-03-02,D04,Night,10,11,88
2025-03-02,D05,Day,9,10,80
2025-03-02,D05,Evening,6,6,48
2025-03-02,D05,Night,6,6,48
2025-03-02,D06,Day,7,8,64
2025-03-02,D06,Evening,3,4,32
2025-03-02,D06,Night,6,6,48
2025-03-03,D01,Day,9,9,72
2025-03-03,D01,Evening,8,9,72
2025-03-03,D01,Night,8,9,72
2025-03-03,D02,Day,6,4,32
2025-03-03,D02,Evening,6,4,32
2025-03-03,D02,Night,6,6,48
2025-03-03,D03,Day,3,1,8
2025-03-03,D03,Evening,4,4,32
2025-03-03,D03,Night,3,1,8
2025-03-03,D04,Day,7,7,56
2025-03-03,D04,Evening,7,6,48
2025-03-03,D04,Night,8,9,72
2025-03-03,D05,Day,8,9,72
2025-03-03,D05,Evening,7,7,56
2025-03-03,D05,Night,3,2,16
2025-03-03,D06,Day,4,3,24
2025-03-03,D06,Evening,2,1,8
2025-03-03,D06,Night,5,5,40
2025-03-04,D01,Day,9,9,72
2025-03-04,D01,Evening,7,5,40
2025-03-04,D01,Night,10,8,64
2025-03-04,D02,Day,5,5,40
2025-03-04,D02,Evening,7,6,48
2025-03-04,D02,Night,6,4,32
2025-03-04,D03,Day,5,5,40
2025-03-04,D03,Evening,5,5,40
2025-03-04,D03,Night,7,7,56
2025-03-04,D04,Day,7,7,56
2025-03-04,D04,Evening,6,5,40
2025-03-04,D04,Night,8,8,64
2025-03-04,D05,Day,9,10,80
2025-03-04,D05,Evening,5,6,48
2025-03-04,D05,Night,3,3,24
2025-03-04,D06,Day,6,4,32
2025-03-04,D06,Evening,6,5,40
2025-03-04,D06,Night,4,5,40
2025-03-05,D01,Day,10,10,80
2025-03-05,D01,Evening,10,11,88
2025-03-05,D01,Night,7,7,56
2025-03-05,D02,Day,3,4,32
2025-03-05,D02,Evening,6,5,40
2025-03-05,D02,Night,6,6,48
2025-03-05,D03,Day,7,5,40
2025-03-05,D03,Evening,6,7,56
2025-03-05,D03,Night,5,5,40
2025-03-05,D04,Day,9,9,72
2025-03-05,D04,Evening,9,9,72
2025-03-05,D04,Night,7,6,48
2025-03-05,D05,Day,6,7,56
2025-03-05,D05,Evening,3,3,24
2025-03-05,D05,Night,6,5,40
2025-03-05,D06,Day,5,5,40
2025-03-05,D06,Evening,7,7,56
2025-03-05,D06,Night,5,3,24
2025-03-06,D01,Day,9,9,72
2025-03-06,D01,Evening,8,8,64
2025-03-06,D01,Night,9,9,72
2025-03-06,D02,Day,7,6,48
2025-03-06,D02,Evening,6,5,40
2025-03-06,D02,Night,6,6,48
2025-03-06,D03,Day,6,4,32
2025-03-06,D03,Evening,6,6,48
2025-03-06,D03,Night,5,6,48
2025-03-06,D04,Day,6,7,56
2025-03-06,D04,Evening,9,9,72
2025-03-06,D04,Night,8,9,72
2025-03-06,D05,Day,5,4,32
2025-03-06,D05,Evening,5,3,24
2025-03-06,D05,Night,4,5,40
2025-03-06,D06,Day,5,3,24
2025-03-06,D06,Evening,4,2,16
2025-03-06,D06,Night,3,4,32
2025-03-07,D01,Day,9,7,56
2025-03-07,D01,Evening,10,10,80
2025-03-07,D01,Night,8,8,64
2025-03-07,D02,Day,7,7,56
2025-03-07,D02,Evening,7,8,64
2025-03-07,D02,Night,6,6,48
2025-03-07,D03,Day,7,6,48
2025-03-07,D03,Evening,6,6,48
2025-03-07,D03,Night,5,4,32
2025-03-07,D04,Day,6,6,48
2025-03-07,D04,Evening,9,10,80
2025-03-07,D04,Night,8,8,64
2025-03-07,D05,Day,9,8,64
2025-03-07,D05,Evening,5,3,24
2025-03-07,D05,Night,7,6,48
2025-03-07,D06,Day,3,4,32
2025-03-07,D06,Evening,4,4,32
2025-03-07,D06,Night,6,7,56
2025-03-08,D01,Day,8,7,56
2025-03-08,D01,Evening,7,7,56
2025-03-08,D01,Night,6,7,56
2025-03-08,D02,Day,6,4,32
2025-03-08,D02,Evening,7,7,56
2025-03-08,D02,Night,8,8,64
2025-03-08,D03,Day,3,1,8
2025-03-08,D03,Evening,5,4,32
2025-03-08,D03,Night,6,5,40
2025-03-08,D04,Day,6,4,32
2025-03-08,D04,Evening,8,6,48
2025-03-08,D04,Night,9,9,72
2025-03-08,D05,Day,4,4,32
2025-03-08,D05,Evening,6,6,48
2025-03-08,D05,Night,6,7,56
2025-03-08,D06,Day,7,5,40
2025-03-08,D06,Evening,2,1,8
2025-03-08,D06,Night,4,4,32
2025-03-09,D01,Day,8,9,72
2025-03-09,D01,Evening,10,9,72
2025-03-09,D01,Night,9,9,72
2025-03-09,D02,Day,2,2,16
2025-03-09,D02,Evening,5,5,40
2025-03-09,D02,Night,4,2,16
2025-03-09,D03,Day,7,5,40
2025-03-09,D03,Evening,4,4,32
2025-03-09,D03,Night,4,5,40
2025-03-09,D04,Day,7,5,40
2025-03-09,D04,Evening,6,6,48
2025-03-09,D04,Night,9,9,72
2025-03-09,D05,Day,5,5,40
2025-03-09,D05,Evening,3,2,16
2025-03-09,D05,Night,5,5,40
2025-03-09,D06,Day,6,5,40
2025-03-09,D06,Evening,6,6,48
2025-03-09,D06,Night,4,4,32
2025-03-10,D01,Day,9,9,72
2025-03-10,D01,Evening,8,6,48
2025-03-10,D01,Night,9,7,56
2025-03-10,D02,Day,7,7,56
2025-03-10,D02,Evening,3,4,32
2025-03-10,D02,Night,5,3,24
2025-03-10,D03,Day,7,6,48
2025-03-10,D03,Evening,5,5,40
2025-03-10,D03,Night,5,6,48
2025-03-10,D04,Day,9,9,72
2025-03-10,D04,Evening,6,6,48
2025-03-10,D04,Night,11,12,96
2025-03-10,D05,Day,4,2,16
2025-03-10,D05,Evening,5,4,32
2025-03-10,D05,Night,4,5,40
2025-03-10,D06,Day,4,5,40
2025-03-10,D06,Evening,4,4,32
2025-03-10,D06,Night,5,5,40
2025-03-11,D01,Day,9,9,72
2025-03-11,D01,Evening,8,6,48
2025-03-11,D01,Night,9,9,72
2025-03-11,D02,Day,6,4,32
2025-03-11,D02,Evening,5,6,48
2025-03-11,D02,Night,2,3,24
2025-03-11,D03,Day,7,5,40
2025-03-11,D03,Evening,6,5,40
2025-03-11,D03,Night,5,3,24
2025-03-11,D04,Day,9,7,56
2025-03-11,D04,Evening,6,6,48
2025-03-11,D04,Night,8,9,72
2025-03-11,D05,Day,7,7,56
2025-03-11,D05,Evening,4,5,40
2025-03-11,D05,Night,2,1,8
2025-03-11,D06,Day,3,2,16
2025-03-11,D06,Evening,2,1,8
2025-03-11,D06,Night,2,2,16
2025-03-12,D01,Day,7,7,56
2025-03-12,D01,Evening,6,5,40
2025-03-12,D01,Night,8,8,64
2025-03-12,D02,Day,4,2,16
2025-03-12,D02,Evening,6,6,48
2025-03-12,D02,Night,7,7,56
2025-03-12,D03,Day,6,6,48
2025-03-12,D03,Evening,6,6,48
2025-03-12,D03,Night,3,3,24
2025-03-12,D04,Day,9,8,64
2025-03-12,D04,Evening,8,9,72
2025-03-12,D04,Night,7,5,40
2025-03-12,D05,Day,4,4,32
2025-03-12,D05,Evening,6,6,48
2025-03-12,D05,Night,7,8,64
2025-03-12,D06,Day,4,5,40
2025-03-12,D06,Evening,4,4,32
2025-03-12,D06,Night,2,1,8
2025-03-13,D01,Day,10,8,64
2025-03-13,D01,Evening,7,6,48
2025-03-13,D01,Night,12,12,96
2025-03-13,D02,Day,5,5,40
2025-03-13,D02,Evening,6,6,48
2025-03-13,D02,Night,5,5,40
2025-03-13,D03,Day,5,5,40
2025-03-13,D03,Evening,5,5,40
2025-03-13,D03,Night,5,3,24
2025-03-13,D04,Day,5,3,24
2025-03-13,D04,Evening,5,3,24
2025-03-13,D04,Night,6,7,56
2025-03-13,D05,Day,4,4,32
2025-03-13,D05,Evening,8,6,48
2025-03-13,D05,Night,6,7,56
2025-03-13,D06,Day,5,4,32
2025-03-13,D06,Evening,6,6,48
2025-03-13,D06,Night,3,1,8
2025-03-14,D01,Day,9,10,80
2025-03-14,D01,Evening,11,11,88
2025-03-14,D01,Night,9,9,72
2025-03-14,D02,Day,9,9,72
2025-03-14,D02,Evening,6,4,32
2025-03-14,D02,Night,5,5,40
2025-03-14,D03,Day,6,5,40
2025-03-14,D03,Evening,5,4,32
2025-03-14,D03,Night,9,9,72
2025-03-14,D04,Day,6,5,40
2025-03-14,D04,Evening,8,8,64
2025-03-14,D04,Night,8,8,64
2025-03-14,D05,Day,6,6,48
2025-03-14,D05,Evening,5,4,32
2025-03-14,D05,Night,8,8,64
2025-03-14,D06,Day,3,1,8
2025-03-14,D06,Evening,4,5,40
2025-03-14,D06,Night,5,5,40
2025-03-15,D01,Day,12,11,88
2025-03-15,D01,Evening,10,10,80
2025-03-15,D01,Night,7,7,56
2025-03-15,D02,Day,5,3,24
2025-03-15,D02,Evening,6,6,48
2025-03-15,D02,Night,8,8,64
2025-03-15,D03,Day,5,5,40
2025-03-15,D03,Evening,7,6,48
2025-03-15,D03,Night,4,2,16
2025-03-15,D04,Day,5,5,40
2025-03-15,D04,Evening,7,5,40
2025-03-15,D04,Night,8,9,72
2025-03-15,D05,Day,5,5,40
2025-03-15,D05,Evening,6,6,48
2025-03-15,D05,Night,3,3,24
2025-03-15,D06,Day,7,7,56
2025-03-15,D06,Evening,3,1,8
2025-03-15,D06,Night,5,5,40
2025-03-16,D01,Day,10,10,80
2025-03-16,D01,Evening,11,11,88
2025-03-16,D01,Night,9,10,80
2025-03-16,D02,Day,4,4,32
2025-03-16,D02,Evening,6,6,48
2025-03-16,D02,Night,8,8,64
2025-03-16,D03,Day,4,3,24
2025-03-16,D03,Evening,6,6,48
2025-03-16,D03,Night,4,4,32
2025-03-16,D04,Day,7,6,48
2025-03-16,D04,Evening,6,6,48
2025-03-16,D04,Night,7,8,64
2025-03-16,D05,Day,7,7,56
2025-03-16,D05,Evening,6,6,48
2025-03-16,D05,Night,3,3,24
2025-03-16,D06,Day,6,6,48
2025-03-16,D06,Evening,4,4,32
2025-03-16,D06,Night,5,5,40
2025-03-17,D01,Day,9,7,56
2025-03-17,D01,Evening,9,9,72
2025-03-17,D01,Night,7,8,64
2025-03-17,D02,Day,4,3,24
2025-03-17,D02,Evening,5,5,40
2025-03-17,D02,Night,6,5,40
2025-03-17,D03,Day,5,5,40
2025-03-17,D03,Evening,5,6,48
2025-03-17,D03,Night,4,4,32
2025-03-17,D04,Day,8,8,64
2025-03-17,D04,Evening,6,6,48
2025-03-17,D04,Night,6,4,32
2025-03-17,D05,Day,5,5,40
2025-03-17,D05,Evening,5,4,32
2025-03-17,D05,Night,6,4,32
2025-03-17,D06,Day,6,7,56
2025-03-17,D06,Evening,5,3,24
2025-03-17,D06,Night,6,4,32
2025-03-18,D01,Day,5,5,40
2025-03-18,D01,Evening,6,6,48
2025-03-18,D01,Night,8,8,64
2025-03-18,D02,Day,5,5,40
2025-03-18,D02,Evening,3,3,24
2025-03-18,D02,Night,4,5,40
2025-03-18,D03,Day,4,3,24
2025-03-18,D03,Evening,7,7,56
2025-03-18,D03,Night,6,5,40
2025-03-18,D04,Day,10,10,80
2025-03-18,D04,Evening,8,9,72
2025-03-18,D04,Night,8,8,64
2025-03-18,D05,Day,6,7,56
2025-03-18,D05,Evening,6,7,56
2025-03-18,D05,Night,6,6,48
2025-03-18,D06,Day,4,3,24
2025-03-18,D06,Evening,2,1,8
2025-03-18,D06,Night,7,5,40
2025-03-19,D01,Day,11,11,88
2025-03-19,D01,Evening,7,5,40
2025-03-19,D01,Night,9,10,80
2025-03-19,D02,Day,4,5,40
2025-03-19,D02,Evening,6,5,40
2025-03-19,D02,Night,3,2,16
2025-03-19,D03,Day,8,8,64
2025-03-19,D03,Evening,6,7,56
2025-03-19,D03,Night,6,7,56
2025-03-19,D04,Day,7,8,64
2025-03-19,D04,Evening,9,7,56
2025-03-19,D04,Night,6,6,48
2025-03-19,D05,Day,6,4,32
2025-03-19,D05,Evening,6,5,40
2025-03-19,D05,Night,4,2,16
2025-03-19,D06,Day,3,3,24
2025-03-19,D06,Evening,6,4,32
2025-03-19,D06,Night,5,3,24
2025-03-20,D01,Day,11,10,80
2025-03-20,D01,Evening,8,8,64
2025-03-20,D01,Night,8,9,72
2025-03-20,D02,Day,5,5,40
2025-03-20,D02,Evening,4,4,32
2025-03-20,D02,Night,4,2,16
2025-03-20,D03,Day,4,5,40
2025-03-20,D03,Evening,4,4,32
2025-03-20,D03,Night,6,6,48
2025-03-20,D04,Day,9,9,72
2025-03-20,D04,Evening,7,8,64
2025-03-20,D04,Night,6,4,32
2025-03-20,D05,Day,4,4,32
2025-03-20,D05,Evening,6,5,40
2025-03-20,D05,Night,6,6,48
2025-03-20,D06,Day,6,7,56
2025-03-20,D06,Evening,4,4,32
2025-03-20,D06,Night,3,3,24
2025-03-21,D01,Day,10,8,64
2025-03-21,D01,Evening,11,11,88
2025-03-21,D01,Night,9,10,80
2025-03-21,D02,Day,4,4,32
2025-03-21,D02,Evening,4,4,32
2025-03-21,D02,Night,7,7,56
2025-03-21,D03,Day,7,5,40
2025-03-21,D03,Evening,3,3,24
2025-03-21,D03,Night,6,4,32
2025-03-21,D04,Day,10,10,80
2025-03-21,D04,Evening,9,9,72
2025-03-21,D04,Night,7,5,40
2025-03-21,D05,Day,8,8,64
2025-03-21,D05,Evening,4,4,32
2025-03-21,D05,Night,6,6,48
2025-03-21,D06,Day,5,3,24
2025-03-21,D06,Evening,2,3,24
2025-03-21,D06,Night,5,5,40
2025-03-22,D01,Day,10,9,72
2025-03-22,D01,Evening,8,7,56
2025-03-22,D01,Night,11,11,88
2025-03-22,D02,Day,6,6,48
2025-03-22,D02,Evening,4,4,32
2025-03-22,D02,Night,5,3,24
2025-03-22,D03,Day,8,8,64
2025-03-22,D03,Evening,7,8,64
2025-03-22,D03,Night,7,8,64
2025-03-22,D04,Day,8,6,48
2025-03-22,D04,Evening,9,9,72
2025-03-22,D04,Night,7,5,40
2025-03-22,D05,Day,3,3,24
2025-03-22,D05,Evening,5,5,40
2025-03-22,D05,Night,8,8,64
2025-03-22,D06,Day,3,4,32
2025-03-22,D06,Evening,2,3,24
2025-03-22,D06,Night,5,3,24
2025-03-23,D01,Day,6,7,56
2025-03-23,D01,Evening,7,8,64
2025-03-23,D01,Night,10,10,80
2025-03-23,D02,Day,6,5,40
2025-03-23,D02,Evening,4,2,16
2025-03-23,D02,Night,7,7,56
2025-03-23,D03,Day,4,4,32
2025-03-23,D03,Evening,5,5,40
2025-03-23,D03,Night,6,5,40
2025-03-23,D04,Day,7,5,40
2025-03-23,D04,Evening,5,5,40
2025-03-23,D04,Night,7,7,56
2025-03-23,D05,Day,2,3,24
2025-03-23,D05,Evening,6,6,48
2025-03-23,D05,Night,4,3,24
2025-03-23,D06,Day,8,9,72
2025-03-23,D06,Evening,5,4,32
2025-03-23,D06,Night,6,4,32
2025-03-24,D01,Day,10,11,88
2025-03-24,D01,Evening,8,7,56
2025-03-24,D01,Night,8,9,72
2025-03-24,D02,Day,4,4,32
2025-03-24,D02,Evening,4,2,16
2025-03-24,D02,Night,3,3,24
2025-03-24,D03,Day,6,6,48
2025-03-24,D03,Evening,5,6,48
2025-03-24,D03,Night,7,5,40
2025-03-24,D04,Day,4,3,24
2025-03-24,D04,Evening,7,5,40
2025-03-24,D04,Night,9,9,72
2025-03-24,D05,Day,6,5,40
2025-03-24,D05,Evening,7,7,56
2025-03-24,D05,Night,4,4,32
2025-03-24,D06,Day,4,3,24
2025-03-24,D06,Evening,2,2,16
2025-03-24,D06,Night,3,3,24
2025-03-25,D01,Day,9,7,56
2025-03-25,D01,Evening,9,9,72
2025-03-25,D01,Night,7,6,48
2025-03-25,D02,Day,6,4,32
2025-03-25,D02,Evening,4,2,16
2025-03-25,D02,Night,7,7,56
2025-03-25,D03,Day,3,3,24
2025-03-25,D03,Evening,6,4,32
2025-03-25,D03,Night,5,5,40
2025-03-25,D04,Day,7,7,56
2025-03-25,D04,Evening,6,7,56
2025-03-25,D04,Night,8,9,72
2025-03-25,D05,Day,7,5,40
2025-03-25,D05,Evening,6,6,48
2025-03-25,D05,Night,3,3,24
2025-03-25,D06,Day,2,2,16
2025-03-25,D06,Evening,5,5,40
2025-03-25,D06,Night,4,4,32
2025-03-26,D01,Day,9,8,64
2025-03-26,D01,Evening,9,9,72
2025-03-26,D01,Night,10,10,80
2025-03-26,D02,Day,6,4,32
2025-03-26,D02,Evening,5,5,40
2025-03-26,D02,Night,5,5,40
2025-03-26,D03,Day,6,4,32
2025-03-26,D03,Evening,5,3,24
2025-03-26,D03,Night,7,7,56
2025-03-26,D04,Day,5,5,40
2025-03-26,D04,Evening,8,8,64
2025-03-26,D04,Night,6,4,32
2025-03-26,D05,Day,7,7,56
2025-03-26,D05,Evening,9,9,72
2025-03-26,D05,Night,4,4,32
2025-03-26,D06,Day,3,1,8
2025-03-26,D06,Evening,6,6,48
2025-03-26,D06,Night,4,4,32
2025-03-27,D01,Day,8,9,72
2025-03-27,D01,Evening,9,8,64
2025-03-27,D01,Night,10,9,72
2025-03-27,D02,Day,6,6,48
2025-03-27,D02,Evening,5,5,40
2025-03-27,D02,Night,6,6,48
2025-03-27,D03,Day,5,4,32
2025-03-27,D03,Evening,5,6,48
2025-03-27,D03,Night,6,6,48
2025-03-27,D04,Day,6,4,32
2025-03-27,D04,Evening,11,11,88
2025-03-27,D04,Night,7,7,56
2025-03-27,D05,Day,5,4,32
2025-03-27,D05,Evening,6,7,56
2025-03-27,D05,Night,3,4,32
2025-03-27,D06,Day,5,5,40
2025-03-27,D06,Evening,4,4,32
2025-03-27,D06,Night,3,2,16
2025-03-28,D01,Day,8,8,64
2025-03-28,D01,Evening,8,8,64
2025-03-28,D01,Night,12,13,104
2025-03-28,D02,Day,4,4,32
2025-03-28,D02,Evening,3,3,24
2025-03-28,D02,Night,6,5,40
2025-03-28,D03,Day,6,5,40
2025-03-28,D03,Evening,7,5,40
2025-03-28,D03,Night,8,8,64
2025-03-28,D04,Day,6,7,56
2025-03-28,D04,Evening,9,8,64
2025-03-28,D04,Night,8,8,64
2025-03-28,D05,Day,7,7,56
2025-03-28,D05,Evening,7,6,48
2025-03-28,D05,Night,4,3,24
2025-03-28,D06,Day,7,7,56
2025-03-28,D06,Evening,7,8,64
2025-03-28,D06,Night,3,3,24
2025-03-29,D01,Day,6,4,32
2025-03-29,D01,Evening,8,8,64
2025-03-29,D01,Night,6,7,56
2025-03-29,D02,Day,4,4,32
2025-03-29,D02,Evening,6,6,48
2025-03-29,D02,Night,5,4,32
2025-03-29,D03,Day,4,4,32
2025-03-29,D03,Evening,7,6,48
2025-03-29,D03,Night,5,5,40
2025-03-29,D04,Day,7,8,64
2025-03-29,D04,Evening,12,12,96
2025-03-29,D04,Night,6,5,40
2025-03-29,D05,Day,7,5,40
2025-03-29,D05,Evening,8,9,72
2025-03-29,D05,Night,6,7,56
2025-03-29,D06,Day,5,5,40
2025-03-29,D06,Evening,5,5,40
2025-03-29,D06,Night,5,5,40
2025-03-30,D01,Day,9,9,72
2025-03-30,D01,Evening,11,11,88
2025-03-30,D01,Night,6,6,48
2025-03-30,D02,Day,7,6,48
2025-03-30,D02,Evening,7,7,56
2025-03-30,D02,Night,8,9,72
2025-03-30,D03,Day,6,6,48
2025-03-30,D03,Evening,5,4,32
2025-03-30,D03,Night,6,5,40
2025-03-30,D04,Day,5,6,48
2025-03-30,D04,Evening,6,6,48
2025-03-30,D04,Night,6,6,48
2025-03-30,D05,Day,4,4,32
2025-03-30,D05,Evening,4,3,24
2025-03-30,D05,Night,4,3,24
2025-03-30,D06,Day,3,3,24
2025-03-30,D06,Evening,4,4,32
2025-03-30,D06,Night,6,6,48
2025-03-31,D01,Day,6,6,48
2025-03-31,D01,Evening,12,11,88
2025-03-31,D01,Night,9,7,56
2025-03-31,D02,Day,4,5,40
2025-03-31,D02,Evening,4,4,32
2025-03-31,D02,Night,6,6,48
2025-03-31,D03,Day,8,8,64
2025-03-31,D03,Evening,5,6,48
2025-03-31,D03,Night,5,5,40
2025-03-31,D04,Day,9,10,80
2025-03-31,D04,Evening,10,10,80
2025-03-31,D04,Night,7,7,56
2025-03-31,D05,Day,3,3,24
2025-03-31,D05,Evening,6,7,56
2025-03-31,D05,Night,6,7,56
2025-03-31,D06,Day,4,4,32
2025-03-31,D06,Evening,4,4,32
2025-03-31,D06,Night,5,5,40
2025-04-01,D01,Day,9,10,80
2025-04-01,D01,Evening,6,5,40
2025-04-01,D01,Night,7,7,56
2025-04-01,D02,Day,6,5,40
2025-04-01,D02,Evening,6,6,48
2025-04-01,D02,Night,4,3,24
2025-04-01,D03,Day,4,5,40
2025-04-01,D03,Evening,5,3,24
2025-04-01,D03,Night,7,7,56
2025-04-01,D04,Day,6,7,56
2025-04-01,D04,Evening,9,9,72
2025-04-01,D04,Night,7,6,48
2025-04-01,D05,Day,6,7,56
2025-04-01,D05,Evening,6,6,48
2025-04-01,D05,Night,7,7,56
2025-04-01,D06,Day,4,4,32
2025-04-01,D06,Evening,3,3,24
2025-04-01,D06,Night,5,4,32
2025-04-02,D01,Day,7,8,64
2025-04-02,D01,Evening,6,6,48
2025-04-02,D01,Night,9,9,72
2025-04-02,D02,Day,3,3,24
2025-04-02,D02,Evening,8,6,48
2025-04-02,D02,Night,5,3,24
2025-04-02,D03,Day,3,4,32
2025-04-02,D03,Evening,7,8,64
2025-04-02,D03,Night,5,5,40
2025-04-02,D04,Day,7,7,56
2025-04-02,D04,Evening,11,11,88
2025-04-02,D04,Night,6,6,48
2025-04-02,D05,Day,3,4,32
2025-04-02,D05,Evening,5,5,40
2025-04-02,D05,Night,7,7,56
2025-04-02,D06,Day,4,2,16
2025-04-02,D06,Evening,5,6,48
2025-04-02,D06,Night,5,5,40
2025-04-03,D01,Day,10,11,88
2025-04-03,D01,Evening,9,10,80
2025-04-03,D01,Night,9,8,64
2025-04-03,D02,Day,8,8,64
2025-04-03,D02,Evening,5,5,40
2025-04-03,D02,Night,5,6,48
2025-04-03,D03,Day,4,4,32
2025-04-03,D03,Evening,4,4,32
2025-04-03,D03,Night,5,3,24
2025-04-03,D04,Day,7,7,56
2025-04-03,D04,Evening,6,4,32
2025-04-03,D04,Night,4,3,24
2025-04-03,D05,Day,8,8,64
2025-04-03,D05,Evening,5,4,32
2025-04-03,D05,Night,7,7,56
2025-04-03,D06,Day,7,7,56
2025-04-03,D06,Evening,6,6,48
2025-04-03,D06,Night,7,7,56
2025-04-04,D01,Day,7,7,56
2025-04-04,D01,Evening,8,7,56
2025-04-04,D01,Night,7,7,56
2025-04-04,D02,Day,7,7,56
2025-04-04,D02,Evening,4,4,32
2025-04-04,D02,Night,8,8,64
2025-04-04,D03,Day,3,2,16
2025-04-04,D03,Evening,6,4,32
2025-04-04,D03,Night,4,4,32
2025-04-04,D04,Day,6,4,32
2025-04-04,D04,Evening,4,4,32
2025-04-04,D04,Night,3,3,24
2025-04-04,D05,Day,5,5,40
2025-04-04,D05,Evening,6,5,40
2025-04-04,D05,Night,5,5,40
2025-04-04,D06,Day,6,6,48
2025-04-04,D06,Evening,4,5,40
2025-04-04,D06,Night,2,1,8
2025-04-05,D01,Day,9,8,64
2025-04-05,D01,Evening,9,9,72
2025-04-05,D01,Night,8,8,64
2025-04-05,D02,Day,5,5,40
2025-04-05,D02,Evening,5,6,48
2025-04-05,D02,Night,3,2,16
2025-04-05,D03,Day,6,6,48
2025-04-05,D03,Evening,2,2,16
2025-04-05,D03,Night,4,4,32
2025-04-05,D04,Day,5,6,48
2025-04-05,D04,Evening,7,7,56
2025-04-05,D04,Night,8,8,64
2025-04-05,D05,Day,5,5,40
2025-04-05,D05,Evening,4,5,40
2025-04-05,D05,Night,7,8,64
2025-04-05,D06,Day,3,1,8
2025-04-05,D06,Evening,6,4,32
2025-04-05,D06,Night,5,3,24
2025-04-06,D01,Day,10,8,64
2025-04-06,D01,Evening,10,9,72
2025-04-06,D01,Night,12,12,96
2025-04-06,D02,Day,8,8,64
2025-04-06,D02,Evening,7,5,40
2025-04-06,D02,Night,7,7,56
2025-04-06,D03,Day,6,5,40
2025-04-06,D03,Evening,3,3,24
2025-04-06,D03,Night,7,5,40
2025-04-06,D04,Day,8,8,64
2025-04-06,D04,Evening,7,7,56
2025-04-06,D04,Night,5,4,32
2025-04-06,D05,Day,9,7,56
2025-04-06,D05,Evening,6,6,48
2025-04-06,D05,Night,4,4,32
2025-04-06,D06,Day,4,3,24
2025-04-06,D06,Evening,6,7,56
2025-04-06,D06,Night,5,5,40
2025-04-07,D01,Day,9,9,72
2025-04-07,D01,Evening,10,11,88
2025-04-07,D01,Night,11,11,88
2025-04-07,D02,Day,6,4,32
2025-04-07,D02,Evening,4,3,24
2025-04-07,D02,Night,3,1,8
2025-04-07,D03,Day,6,6,48
2025-04-07,D03,Evening,5,5,40
2025-04-07,D03,Night,7,6,48
2025-04-07,D04,Day,6,4,32
2025-04-07,D04,Evening,7,7,56
2025-04-07,D04,Night,9,7,56
2025-04-07,D05,Day,4,2,16
2025-04-07,D05,Evening,7,7,56
2025-04-07,D05,Night,8,8,64
2025-04-07,D06,Day,4,2,16
2025-04-07,D06,Evening,4,4,32
2025-04-07,D06,Night,5,6,48
2025-04-08,D01,Day,10,10,80
2025-04-08,D01,Evening,10,10,80
2025-04-08,D01,Night,8,9,72
2025-04-08,D02,Day,6,7,56
2025-04-08,D02,Evening,5,4,32
2025-04-08,D02,Night,6,6,48
2025-04-08,D03,Day,4,3,24
2025-04-08,D03,Evening,6,5,40
2025-04-08,D03,Night,6,7,56
2025-04-08,D04,Day,9,7,56
2025-04-08,D04,Evening,4,5,40
2025-04-08,D04,Night,10,8,64
2025-04-08,D05,Day,6,5,40
2025-04-08,D05,Evening,9,9,72
2025-04-08,D05,Night,9,9,72
2025-04-08,D06,Day,5,4,32
2025-04-08,D06,Evening,6,7,56
2025-04-08,D06,Night,3,1,8
2025-04-09,D01,Day,11,12,96
2025-04-09,D01,Evening,11,9,72
2025-04-09,D01,Night,10,8,64
2025-04-09,D02,Day,3,3,24
2025-04-09,D02,Evening,5,6,48
2025-04-09,D02,Night,4,4,32
2025-04-09,D03,Day,8,8,64
2025-04-09,D03,Evening,7,7,56
2025-04-09,D03,Night,6,6,48
2025-04-09,D04,Day,11,12,96
2025-04-09,D04,Evening,9,9,72
2025-04-09,D04,Night,5,6,48
2025-04-09,D05,Day,5,4,32
2025-04-09,D05,Evening,6,6,48
2025-04-09,D05,Night,9,8,64
2025-04-09,D06,Day,6,6,48
2025-04-09,D06,Evening,3,1,8
2025-04-09,D06,Night,6,6,48
2025-04-10,D01,Day,11,11,88
2025-04-10,D01,Evening,9,9,72
2025-04-10,D01,Night,8,8,64
2025-04-10,D02,Day,7,7,56
2025-04-10,D02,Evening,6,7,56
2025-04-10,D02,Night,4,4,32
2025-04-10,D03,Day,5,3,24
2025-04-10,D03,Evening,4,3,24
2025-04-10,D03,Night,6,6,48
2025-04-10,D04,Day,10,10,80
2025-04-10,D04,Evening,6,7,56
2025-04-10,D04,Night,5,5,40
2025-04-10,D05,Day,6,4,32
2025-04-10,D05,Evening,5,3,24
2025-04-10,D05,Night,6,4,32
2025-04-10,D06,Day,2,2,16
2025-04-10,D06,Evening,5,5,40
2025-04-10,D06,Night,4,5,40
2025-04-11,D01,Day,10,8,64
2025-04-11,D01,Evening,7,6,48
2025-04-11,D01,Night,10,8,64
2025-04-11,D02,Day,8,8,64
2025-04-11,D02,Evening,3,1,8
2025-04-11,D02,Night,6,6,48
2025-04-11,D03,Day,5,5,40
2025-04-11,D03,Evening,5,4,32
2025-04-11,D03,Night,4,2,16
2025-04-11,D04,Day,9,9,72
2025-04-11,D04,Evening,5,5,40
2025-04-11,D04,Night,8,8,64
2025-04-11,D05,Day,5,3,24
2025-04-11,D05,Evening,4,4,32
2025-04-11,D05,Night,6,6,48
2025-04-11,D06,Day,5,5,40
2025-04-11,D06,Evening,4,4,32
2025-04-11,D06,Night,3,3,24
2025-04-12,D01,Day,8,7,56
2025-04-12,D01,Evening,6,4,32
2025-04-12,D01,Night,9,7,56
2025-04-12,D02,Day,5,4,32
2025-04-12,D02,Evening,7,5,40
2025-04-12,D02,Night,5,5,40
2025-04-12,D03,Day,3,3,24
2025-04-12,D03,Evening,7,7,56
2025-04-12,D03,Night,5,6,48
2025-04-12,D04,Day,8,8,64
2025-04-12,D04,Evening,4,4,32
2025-04-12,D04,Night,6,6,48
2025-04-12,D05,Day,5,4,32
2025-04-12,D05,Evening,5,3,24
2025-04-12,D05,Night,5,6,48
2025-04-12,D06,Day,7,7,56
2025-04-12,D06,Evening,5,5,40
2025-04-12,D06,Night,6,6,48
2025-04-13,D01,Day,10,10,80
2025-04-13,D01,Evening,5,5,40
2025-04-13,D01,Night,6,6,48
2025-04-13,D02,Day,8,9,72
2025-04-13,D02,Evening,4,3,24
2025-04-13,D02,Night,4,4,32
2025-04-13,D03,Day,4,5,40
2025-04-13,D03,Evening,6,7,56
2025-04-13,D03,Night,6,4,32
2025-04-13,D04,Day,7,5,40
2025-04-13,D04,Evening,6,7,56
2025-04-13,D04,Night,9,9,72
2025-04-13,D05,Day,4,4,32
2025-04-13,D05,Evening,4,4,32
2025-04-13,D05,Night,3,2,16
2025-04-13,D06,Day,4,2,16
2025-04-13,D06,Evening,5,3,24
2025-04-13,D06,Night,3,2,16
2025-04-14,D01,Day,11,11,88
2025-04-14,D01,Evening,11,11,88
2025-04-14,D01,Night,11,11,88
2025-04-14,D02,Day,5,4,32
2025-04-14,D02,Evening,6,4,32
2025-04-14,D02,Night,7,8,64
2025-04-14,D03,Day,5,5,40
2025-04-14,D03,Evening,5,4,32
2025-04-14,D03,Night,4,4,32
2025-04-14,D04,Day,5,5,40
2025-04-14,D04,Evening,6,6,48
2025-04-14,D04,Night,10,10,80
2025-04-14,D05,Day,6,6,48
2025-04-14,D05,Evening,4,4,32
2025-04-14,D05,Night,6,4,32
2025-04-14,D06,Day,4,3,24
2025-04-14,D06,Evening,7,6,48
2025-04-14,D06,Night,7,7,56
2025-04-15,D01,Day,11,11,88
2025-04-15,D01,Evening,10,10,80
2025-04-15,D01,Night,8,6,48
2025-04-15,D02,Day,8,7,56
2025-04-15,D02,Evening,7,7,56
2025-04-15,D02,Night,5,5,40
2025-04-15,D03,Day,7,7,56
2025-04-15,D03,Evening,3,4,32
2025-04-15,D03,Night,7,5,40
2025-04-15,D04,Day,8,7,56
2025-04-15,D04,Evening,6,7,56
2025-04-15,D04,Night,6,5,40
2025-04-15,D05,Day,6,7,56
2025-04-15,D05,Evening,5,5,40
2025-04-15,D05,Night,7,7,56
2025-04-15,D06,Day,7,7,56
2025-04-15,D06,Evening,7,7,56
2025-04-15,D06,Night,3,1,8
2025-04-16,D01,Day,9,9,72
2025-04-16,D01,Evening,8,8,64
2025-04-16,D01,Night,8,6,48
2025-04-16,D02,Day,3,3,24
2025-04-16,D02,Evening,5,5,40
2025-04-16,D02,Night,8,7,56
2025-04-16,D03,Day,5,5,40
2025-04-16,D03,Evening,6,6,48
2025-04-16,D03,Night,6,4,32
2025-04-16,D04,Day,10,10,80
2025-04-16,D04,Evening,7,7,56
2025-04-16,D04,Night,4,4,32
2025-04-16,D05,Day,6,4,32
2025-04-16,D05,Evening,8,7,56
2025-04-16,D05,Night,7,6,48
2025-04-16,D06,Day,3,2,16
2025-04-16,D06,Evening,3,3,24
2025-04-16,D06,Night,6,6,48
2025-04-17,D01,Day,8,7,56
2025-04-17,D01,Evening,7,8,64
2025-04-17,D01,Night,7,7,56
2025-04-17,D02,Day,7,7,56
2025-04-17,D02,Evening,8,8,64
2025-04-17,D02,Night,6,4,32
2025-04-17,D03,Day,5,5,40
2025-04-17,D03,Evening,5,5,40
2025-04-17,D03,Night,5,4,32
2025-04-17,D04,Day,6,4,32
2025-04-17,D04,Evening,8,9,72
2025-04-17,D04,Night,4,4,32
2025-04-17,D05,Day,5,3,24
2025-04-17,D05,Evening,6,5,40
2025-04-17,D05,Night,6,6,48
2025-04-17,D06,Day,6,6,48
2025-04-17,D06,Evening,3,3,24
2025-04-17,D06,Night,6,5,40
2025-04-18,D01,Day,7,7,56
2025-04-18,D01,Evening,9,10,80
2025-04-18,D01,Night,7,5,40
2025-04-18,D02,Day,5,6,48
2025-04-18,D02,Evening,4,4,32
2025-04-18,D02,Night,6,6,48
2025-04-18,D03,Day,6,6,48
2025-04-18,D03,Evening,5,3,24
2025-04-18,D03,Night,7,8,64
2025-04-18,D04,Day,6,4,32
2025-04-18,D04,Evening,10,8,64
2025-04-18,D04,Night,7,7,56
2025-04-18,D05,Day,5,3,24
2025-04-18,D05,Evening,6,7,56
2025-04-18,D05,Night,5,3,24
2025-04-18,D06,Day,3,3,24
2025-04-18,D06,Evening,5,6,48
2025-04-18,D06,Night,7,6,48
2025-04-19,D01,Day,10,10,80
2025-04-19,D01,Evening,9,10,80
2025-04-19,D01,Night,9,8,64
2025-04-19,D02,Day,5,6,48
2025-04-19,D02,Evening,4,2,16
2025-04-19,D02,Night,5,6,48
2025-04-19,D03,Day,5,3,24
2025-04-19,D03,Evening,4,5,40
2025-04-19,D03,Night,7,7,56
2025-04-19,D04,Day,6,7,56
2025-04-19,D04,Evening,6,5,40
2025-04-19,D04,Night,10,10,80
2025-04-19,D05,Day,6,6,48
2025-04-19,D05,Evening,7,8,64
2025-04-19,D05,Night,5,5,40
2025-04-19,D06,Day,7,6,48
2025-04-19,D06,Evening,7,6,48
2025-04-19,D06,Night,2,2,16
2025-04-20,D01,Day,8,6,48
2025-04-20,D01,Evening,10,11,88
2025-04-20,D01,Night,7,7,56
2025-04-20,D02,Day,6,6,48
2025-04-20,D02,Evening,6,4,32
2025-04-20,D02,Night,3,3,24
2025-04-20,D03,Day,5,5,40
2025-04-20,D03,Evening,6,4,32
2025-04-20,D03,Night,3,1,8
2025-04-20,D04,Day,8,8,64
2025-04-20,D04,Evening,5,3,24
2025-04-20,D04,Night,5,6,48
2025-04-20,D05,Day,6,7,56
2025-04-20,D05,Evening,3,3,24
2025-04-20,D05,Night,6,4,32
2025-04-20,D06,Day,4,4,32
2025-04-20,D06,Evening,4,5,40
2025-04-20,D06,Night,5,5,40
2025-04-21,D01,Day,11,11,88
2025-04-21,D01,Evening,8,9,72
2025-04-21,D01,Night,12,11,88
2025-04-21,D02,Day,4,4,32
2025-04-21,D02,Evening,5,5,40
2025-04-21,D02,Night,6,6,48
2025-04-21,D03,Day,6,6,48
2025-04-21,D03,Evening,6,4,32
2025-04-21,D03,Night,4,3,24
2025-04-21,D04,Day,5,5,40
2025-04-21,D04,Evening,6,6,48
2025-04-21,D04,Night,9,9,72
2025-04-21,D05,Day,5,6,48
2025-04-21,D05,Evening,5,5,40
2025-04-21,D05,Night,5,5,40
2025-04-21,D06,Day,6,6,48
2025-04-21,D06,Evening,7,7,56
2025-04-21,D06,Night,2,1,8
2025-04-22,D01,Day,7,5,40
2025-04-22,D01,Evening,7,7,56
2025-04-22,D01,Night,7,7,56
2025-04-22,D02,Day,4,5,40
2025-04-22,D02,Evening,6,5,40
2025-04-22,D02,Night,7,6,48
2025-04-22,D03,Day,6,5,40
2025-04-22,D03,Evening,6,4,32
2025-04-22,D03,Night,6,6,48
2025-04-22,D04,Day,5,4,32
2025-04-22,D04,Evening,8,6,48
2025-04-22,D04,Night,8,8,64
2025-04-22,D05,Day,7,7,56
2025-04-22,D05,Evening,8,8,64
2025-04-22,D05,Night,4,3,24
2025-04-22,D06,Day,5,5,40
2025-04-22,D06,Evening,4,4,32
2025-04-22,D06,Night,4,4,32
2025-04-23,D01,Day,5,4,32
2025-04-23,D01,Evening,7,7,56
2025-04-23,D01,Night,9,7,56
2025-04-23,D02,Day,5,6,48
2025-04-23,D02,Evening,7,7,56
2025-04-23,D02,Night,5,5,40
2025-04-23,D03,Day,9,8,64
2025-04-23,D03,Evening,7,5,40
2025-04-23,D03,Night,8,7,56
2025-04-23,D04,Day,6,6,48
2025-04-23,D04,Evening,8,8,64
2025-04-23,D04,Night,7,6,48
2025-04-23,D05,Day,7,7,56
2025-04-23,D05,Evening,5,5,40
2025-04-23,D05,Night,8,7,56
2025-04-23,D06,Day,6,6,48
2025-04-23,D06,Evening,2,2,16
2025-04-23,D06,Night,8,7,56
2025-04-24,D01,Day,10,10,80
2025-04-24,D01,Evening,8,8,64
2025-04-24,D01,Night,6,5,40
2025-04-24,D02,Day,5,6,48
2025-04-24,D02,Evening,7,5,40
2025-04-24,D02,Night,6,6,48
2025-04-24,D03,Day,8,8,64
2025-04-24,D03,Evening,7,8,64
2025-04-24,D03,Night,5,4,32
2025-04-24,D04,Day,9,9,72
2025-04-24,D04,Evening,6,6,48
2025-04-24,D04,Night,10,10,80
2025-04-24,D05,Day,4,2,16
2025-04-24,D05,Evening,7,7,56
2025-04-24,D05,Night,5,5,40
2025-04-24,D06,Day,5,5,40
2025-04-24,D06,Evening,5,5,40
2025-04-24,D06,Night,4,4,32
2025-04-25,D01,Day,9,10,80
2025-04-25,D01,Evening,6,6,48
2025-04-25,D01,Night,7,5,40
2025-04-25,D02,Day,4,3,24
2025-04-25,D02,Evening,6,6,48
2025-04-25,D02,Night,4,4,32
2025-04-25,D03,Day,5,5,40
2025-04-25,D03,Evening,8,7,56
2025-04-25,D03,Night,3,1,8
2025-04-25,D04,Day,5,5,40
2025-04-25,D04,Evening,4,4,32
2025-04-25,D04,Night,7,8,64
2025-04-25,D05,Day,4,3,24
2025-04-25,D05,Evening,6,6,48
2025-04-25,D05,Night,5,3,24
2025-04-25,D06,Day,4,4,32
2025-04-25,D06,Evening,4,2,16
2025-04-25,D06,Night,6,6,48
2025-04-26,D01,Day,10,10,80
2025-04-26,D01,Evening,7,7,56
2025-04-26,D01,Night,8,8,64
2025-04-26,D02,Day,7,5,40
2025-04-26,D02,Evening,5,5,40
2025-04-26,D02,Night,6,6,48
2025-04-26,D03,Day,6,5,40
2025-04-26,D03,Evening,6,4,32
2025-04-26,D03,Night,8,8,64
2025-04-26,D04,Day,5,5,40
2025-04-26,D04,Evening,7,5,40
2025-04-26,D04,Night,5,5,40
2025-04-26,D05,Day,5,4,32
2025-04-26,D05,Evening,6,6,48
2025-04-26,D05,Night,5,5,40
2025-04-26,D06,Day,3,1,8
2025-04-26,D06,Evening,4,4,32
2025-04-26,D06,Night,5,5,40
2025-04-27,D01,Day,12,12,96
2025-04-27,D01,Evening,9,9,72
2025-04-27,D01,Night,7,7,56
2025-04-27,D02,Day,7,6,48
2025-04-27,D02,Evening,7,6,48
2025-04-27,D02,Night,7,7,56
2025-04-27,D03,Day,5,6,48
2025-04-27,D03,Evening,3,1,8
2025-04-27,D03,Night,4,4,32
2025-04-27,D04,Day,8,7,56
2025-04-27,D04,Evening,6,7,56
2025-04-27,D04,Night,10,11,88
2025-04-27,D05,Day,8,6,48
2025-04-27,D05,Evening,6,7,56
2025-04-27,D05,Night,7,7,56
2025-04-27,D06,Day,7,7,56
2025-04-27,D06,Evening,4,4,32
2025-04-27,D06,Night,4,4,32
2025-04-28,D01,Day,8,8,64
2025-04-28,D01,Evening,9,10,80
2025-04-28,D01,Night,9,9,72
2025-04-28,D02,Day,5,5,40
2025-04-28,D02,Evening,6,6,48
2025-04-28,D02,Night,7,8,64
2025-04-28,D03,Day,7,7,56
2025-04-28,D03,Evening,4,3,24
2025-04-28,D03,Night,4,4,32
2025-04-28,D04,Day,6,7,56
2025-04-28,D04,Evening,9,8,64
2025-04-28,D04,Night,10,10,80
2025-04-28,D05,Day,9,9,72
2025-04-28,D05,Evening,6,5,40
2025-04-28,D05,Night,6,7,56
2025-04-28,D06,Day,2,1,8
2025-04-28,D06,Evening,5,4,32
2025-04-28,D06,Night,4,4,32
2025-04-29,D01,Day,11,11,88
2025-04-29,D01,Evening,9,9,72
2025-04-29,D01,Night,9,7,56
2025-04-29,D02,Day,4,4,32
2025-04-29,D02,Evening,4,4,32
2025-04-29,D02,Night,4,2,16
2025-04-29,D03,Day,8,6,48
2025-04-29,D03,Evening,7,8,64
2025-04-29,D03,Night,4,3,24
2025-04-29,D04,Day,4,3,24
2025-04-29,D04,Evening,8,7,56
2025-04-29,D04,Night,6,5,40
2025-04-29,D05,Day,4,5,40
2025-04-29,D05,Evening,4,2,16
2025-04-29,D05,Night,5,6,48
2025-04-29,D06,Day,6,4,32
2025-04-29,D06,Evening,5,6,48
2025-04-29,D06,Night,6,5,40
2025-04-30,D01,Day,10,8,64
2025-04-30,D01,Evening,8,9,72
2025-04-30,D01,Night,11,10,80
2025-04-30,D02,Day,6,7,56
2025-04-30,D02,Evening,7,8,64
2025-04-30,D02,Night,5,4,32
2025-04-30,D03,Day,5,3,24
2025-04-30,D03,Evening,5,5,40
2025-04-30,D03,Night,3,1,8
2025-04-30,D04,Day,6,6,48
2025-04-30,D04,Evening,7,7,56
2025-04-30,D04,Night,8,8,64
2025-04-30,D05,Day,5,5,40
2025-04-30,D05,Evening,6,6,48
2025-04-30,D05,Night,4,4,32
2025-04-30,D06,Day,4,4,32
2025-04-30,D06,Evening,5,5,40
2025-04-30,D06,Night,5,6,48
2025-05-01,D01,Day,8,7,56
2025-05-01,D01,Evening,9,9,72
2025-05-01,D01,Night,9,10,80
2025-05-01,D02,Day,6,7,56
2025-05-01,D02,Evening,7,5,40
2025-05-01,D02,Night,4,5,40
2025-05-01,D03,Day,5,5,40
2025-05-01,D03,Evening,5,3,24
2025-05-01,D03,Night,5,5,40
2025-05-01,D04,Day,5,6,48
2025-05-01,D04,Evening,6,6,48
2025-05-01,D04,Night,9,9,72
2025-05-01,D05,Day,7,7,56
2025-05-01,D05,Evening,6,6,48
2025-05-01,D05,Night,3,3,24
2025-05-01,D06,Day,5,4,32
2025-05-01,D06,Evening,3,3,24
2025-05-01,D06,Night,6,6,48
2025-05-02,D01,Day,8,8,64
2025-05-02,D01,Evening,6,6,48
2025-05-02,D01,Night,11,9,72
2025-05-02,D02,Day,5,5,40
2025-05-02,D02,Evening,7,8,64
2025-05-02,D02,Night,3,3,24
2025-05-02,D03,Day,4,2,16
2025-05-02,D03,Evening,8,8,64
2025-05-02,D03,Night,6,6,48
2025-05-02,D04,Day,5,6,48
2025-05-02,D04,Evening,5,5,40
2025-05-02,D04,Night,8,8,64
2025-05-02,D05,Day,4,2,16
2025-05-02,D05,Evening,6,6,48
2025-05-02,D05,Night,6,6,48
2025-05-02,D06,Day,7,5,40
2025-05-02,D06,Evening,6,7,56
2025-05-02,D06,Night,4,4,32
2025-05-03,D01,Day,8,6,48
2025-05-03,D01,Evening,7,5,40
2025-05-03,D01,Night,8,8,64
2025-05-03,D02,Day,5,4,32
2025-05-03,D02,Evening,7,6,48
2025-05-03,D02,Night,4,3,24
2025-05-03,D03,Day,5,5,40
2025-05-03,D03,Evening,5,6,48
2025-05-03,D03,Night,3,2,16
2025-05-03,D04,Day,9,7,56
2025-05-03,D04,Evening,4,4,32
2025-05-03,D04,Night,8,8,64
2025-05-03,D05,Day,5,5,40
2025-05-03,D05,Evening,6,6,48
2025-05-03,D05,Night,4,4,32
2025-05-03,D06,Day,5,5,40
2025-05-03,D06,Evening,5,4,32
2025-05-03,D06,Night,5,4,32
2025-05-04,D01,Day,7,7,56
2025-05-04,D01,Evening,10,10,80
2025-05-04,D01,Night,11,11,88
2025-05-04,D02,Day,6,6,48
2025-05-04,D02,Evening,6,6,48
2025-05-04,D02,Night,5,5,40
2025-05-04,D03,Day,4,5,40
2025-05-04,D03,Evening,5,5,40
2025-05-04,D03,Night,7,7,56
2025-05-04,D04,Day,6,5,40
2025-05-04,D04,Evening,6,5,40
2025-05-04,D04,Night,10,10,80
2025-05-04,D05,Day,5,6,48
2025-05-04,D05,Evening,2,3,24
2025-05-04,D05,Night,8,6,48
2025-05-04,D06,Day,8,9,72
2025-05-04,D06,Evening,3,2,16
2025-05-04,D06,Night,4,4,32
2025-05-05,D01,Day,8,6,48
2025-05-05,D01,Evening,6,6,48
2025-05-05,D01,Night,9,7,56
2025-05-05,D02,Day,6,5,40
2025-05-05,D02,Evening,7,5,40
2025-05-05,D02,Night,6,6,48
2025-05-05,D03,Day,5,4,32
2025-05-05,D03,Evening,7,7,56
2025-05-05,D03,Night,8,8,64
2025-05-05,D04,Day,8,7,56
2025-05-05,D04,Evening,7,7,56
2025-05-05,D04,Night,9,8,64
2025-05-05,D05,Day,6,6,48
2025-05-05,D05,Evening,5,3,24
2025-05-05,D05,Night,3,2,16
2025-05-05,D06,Day,4,2,16
2025-05-05,D06,Evening,5,5,40
2025-05-05,D06,Night,4,2,16
2025-05-06,D01,Day,7,7,56
2025-05-06,D01,Evening,4,4,32
2025-05-06,D01,Night,8,8,64
2025-05-06,D02,Day,5,3,24
2025-05-06,D02,Evening,4,4,32
2025-05-06,D02,Night,7,5,40
2025-05-06,D03,Day,11,10,80
2025-05-06,D03,Evening,8,8,64
2025-05-06,D03,Night,2,2,16
2025-05-06,D04,Day,7,7,56
2025-05-06,D04,Evening,8,8,64
2025-05-06,D04,Night,8,9,72
2025-05-06,D05,Day,8,8,64
2025-05-06,D05,Evening,8,6,48
2025-05-06,D05,Night,5,5,40
2025-05-06,D06,Day,7,7,56
2025-05-06,D06,Evening,6,6,48
2025-05-06,D06,Night,5,5,40
2025-05-07,D01,Day,9,10,80
2025-05-07,D01,Evening,10,10,80
2025-05-07,D01,Night,9,7,56
2025-05-07,D02,Day,5,3,24
2025-05-07,D02,Evening,2,3,24
2025-05-07,D02,Night,5,5,40
2025-05-07,D03,Day,7,5,40
2025-05-07,D03,Evening,5,5,40
2025-05-07,D03,Night,7,7,56
2025-05-07,D04,Day,10,9,72
2025-05-07,D04,Evening,8,8,64
2025-05-07,D04,Night,9,9,72
2025-05-07,D05,Day,4,4,32
2025-05-07,D05,Evening,5,5,40
2025-05-07,D05,Night,7,7,56
2025-05-07,D06,Day,6,7,56
2025-05-07,D06,Evening,5,4,32
2025-05-07,D06,Night,6,6,48
2025-05-08,D01,Day,10,10,80
2025-05-08,D01,Evening,8,8,64
2025-05-08,D01,Night,8,8,64
2025-05-08,D02,Day,8,8,64
2025-05-08,D02,Evening,6,5,40
2025-05-08,D02,Night,6,7,56
2025-05-08,D03,Day,4,3,24
2025-05-08,D03,Evening,7,7,56
2025-05-08,D03,Night,7,7,56
2025-05-08,D04,Day,7,7,56
2025-05-08,D04,Evening,8,8,64
2025-05-08,D04,Night,7,5,40
2025-05-08,D05,Day,4,5,40
2025-05-08,D05,Evening,7,6,48
2025-05-08,D05,Night,9,7,56
2025-05-08,D06,Day,2,2,16
2025-05-08,D06,Evening,3,3,24
2025-05-08,D06,Night,3,3,24
2025-05-09,D01,Day,8,8,64
2025-05-09,D01,Evening,9,9,72
2025-05-09,D01,Night,8,9,72
2025-05-09,D02,Day,6,6,48
2025-05-09,D02,Evening,5,3,24
2025-05-09,D02,Night,5,6,48
2025-05-09,D03,Day,6,6,48
2025-05-09,D03,Evening,5,5,40
2025-05-09,D03,Night,8,8,64
2025-05-09,D04,Day,9,10,80
2025-05-09,D04,Evening,8,9,72
2025-05-09,D04,Night,7,7,56
2025-05-09,D05,Day,4,5,40
2025-05-09,D05,Evening,6,7,56
2025-05-09,D05,Night,5,5,40
2025-05-09,D06,Day,7,7,56
2025-05-09,D06,Evening,4,4,32
2025-05-09,D06,Night,5,6,48
2025-05-10,D01,Day,9,7,56
2025-05-10,D01,Evening,8,8,64
2025-05-10,D01,Night,7,8,64
2025-05-10,D02,Day,7,5,40
2025-05-10,D02,Evening,5,6,48
2025-05-10,D02,Night,8,8,64
2025-05-10,D03,Day,5,6,48
2025-05-10,D03,Evening,6,6,48
2025-05-10,D03,Night,5,5,40
2025-05-10,D04,Day,10,9,72
2025-05-10,D04,Evening,7,6,48
2025-05-10,D04,Night,9,9,72
2025-05-10,D05,Day,9,9,72
2025-05-10,D05,Evening,3,1,8
2025-05-10,D05,Night,10,9,72
2025-05-10,D06,Day,7,7,56
2025-05-10,D06,Evening,5,6,48
2025-05-10,D06,Night,2,1,8
2025-05-11,D01,Day,8,9,72
2025-05-11,D01,Evening,9,9,72
2025-05-11,D01,Night,6,6,48
2025-05-11,D02,Day,2,2,16
2025-05-11,D02,Evening,5,5,40
2025-05-11,D02,Night,8,8,64
2025-05-11,D03,Day,4,3,24
2025-05-11,D03,Evening,6,6,48
2025-05-11,D03,Night,5,6,48
2025-05-11,D04,Day,6,6,48
2025-05-11,D04,Evening,7,7,56
2025-05-11,D04,Night,7,5,40
2025-05-11,D05,Day,8,6,48
2025-05-11,D05,Evening,6,7,56
2025-05-11,D05,Night,6,6,48
2025-05-11,D06,Day,6,6,48
2025-05-11,D06,Evening,3,2,16
2025-05-11,D06,Night,7,7,56
2025-05-12,D01,Day,8,8,64
2025-05-12,D01,Evening,9,9,72
2025-05-12,D01,Night,11,11,88
2025-05-12,D02,Day,10,10,80
2025-05-12,D02,Evening,5,5,40
2025-05-12,D02,Night,5,6,48
2025-05-12,D03,Day,5,3,24
2025-05-12,D03,Evening,7,7,56
2025-05-12,D03,Night,5,5,40
2025-05-12,D04,Day,7,8,64
2025-05-12,D04,Evening,8,8,64
2025-05-12,D04,Night,10,11,88
2025-05-12,D05,Day,4,3,24
2025-05-12,D05,Evening,6,6,48
2025-05-12,D05,Night,3,3,24
2025-05-12,D06,Day,5,5,40
2025-05-12,D06,Evening,3,3,24
2025-05-12,D06,Night,4,4,32
2025-05-13,D01,Day,7,7,56
2025-05-13,D01,Evening,6,4,32
2025-05-13,D01,Night,10,10,80
2025-05-13,D02,Day,6,5,40
2025-05-13,D02,Evening,6,6,48
2025-05-13,D02,Night,4,4,32
2025-05-13,D03,Day,7,8,64
2025-05-13,D03,Evening,7,7,56
2025-05-13,D03,Night,8,8,64
2025-05-13,D04,Day,8,7,56
2025-05-13,D04,Evening,8,8,64
2025-05-13,D04,Night,8,8,64
2025-05-13,D05,Day,5,5,40
2025-05-13,D05,Evening,4,4,32
2025-05-13,D05,Night,7,7,56
2025-05-13,D06,Day,4,5,40
2025-05-13,D06,Evening,4,2,16
2025-05-13,D06,Night,6,5,40
2025-05-14,D01,Day,6,6,48
2025-05-14,D01,Evening,8,8,64
2025-05-14,D01,Night,6,6,48
2025-05-14,D02,Day,7,7,56
2025-05-14,D02,Evening,7,5,40
2025-05-14,D02,Night,5,3,24
2025-05-14,D03,Day,6,7,56
2025-05-14,D03,Evening,4,2,16
2025-05-14,D03,Night,4,4,32
2025-05-14,D04,Day,8,7,56
2025-05-14,D04,Evening,9,7,56
2025-05-14,D04,Night,8,7,56
2025-05-14,D05,Day,6,6,48
2025-05-14,D05,Evening,8,9,72
2025-05-14,D05,Night,5,5,40
2025-05-14,D06,Day,7,7,56
2025-05-14,D06,Evening,6,6,48
2025-05-14,D06,Night,4,3,24
2025-05-15,D01,Day,11,9,72
2025-05-15,D01,Evening,9,9,72
2025-05-15,D01,Night,6,6,48
2025-05-15,D02,Day,6,6,48
2025-05-15,D02,Evening,5,6,48
2025-05-15,D02,Night,5,4,32
2025-05-15,D03,Day,4,3,24
2025-05-15,D03,Evening,6,7,56
2025-05-15,D03,Night,4,5,40
2025-05-15,D04,Day,7,7,56
2025-05-15,D04,Evening,7,8,64
2025-05-15,D04,Night,9,9,72
2025-05-15,D05,Day,8,7,56
2025-05-15,D05,Evening,5,5,40
2025-05-15,D05,Night,9,10,80
2025-05-15,D06,Day,3,3,24
2025-05-15,D06,Evening,7,8,64
2025-05-15,D06,Night,5,5,40
2025-05-16,D01,Day,8,6,48
2025-05-16,D01,Evening,12,12,96
2025-05-16,D01,Night,8,8,64
2025-05-16,D02,Day,6,4,32
2025-05-16,D02,Evening,5,3,24
2025-05-16,D02,Night,5,4,32
2025-05-16,D03,Day,7,8,64
2025-05-16,D03,Evening,4,4,32
2025-05-16,D03,Night,6,6,48
2025-05-16,D04,Day,9,9,72
2025-05-16,D04,Evening,8,7,56
2025-05-16,D04,Night,7,5,40
2025-05-16,D05,Day,8,7,56
2025-05-16,D05,Evening,5,3,24
2025-05-16,D05,Night,6,6,48
2025-05-16,D06,Day,3,4,32
2025-05-16,D06,Evening,6,6,48
2025-05-16,D06,Night,5,3,24
2025-05-17,D01,Day,10,10,80
2025-05-17,D01,Evening,10,10,80
2025-05-17,D01,Night,11,12,96
2025-05-17,D02,Day,7,7,56
2025-05-17,D02,Evening,6,6,48
2025-05-17,D02,Night,8,9,72
2025-05-17,D03,Day,5,3,24
2025-05-17,D03,Evening,5,5,40
2025-05-17,D03,Night,5,6,48
2025-05-17,D04,Day,8,8,64
2025-05-17,D04,Evening,5,5,40
2025-05-17,D04,Night,8,9,72
2025-05-17,D05,Day,6,6,48
2025-05-17,D05,Evening,6,6,48
2025-05-17,D05,Night,4,2,16
2025-05-17,D06,Day,3,2,16
2025-05-17,D06,Evening,4,4,32
2025-05-17,D06,Night,4,3,24
2025-05-18,D01,Day,6,6,48
2025-05-18,D01,Evening,8,8,64
2025-05-18,D01,Night,9,8,64
2025-05-18,D02,Day,4,5,40
2025-05-18,D02,Evening,3,3,24
2025-05-18,D02,Night,4,2,16
2025-05-18,D03,Day,5,3,24
2025-05-18,D03,Evening,6,6,48
2025-05-18,D03,Night,7,5,40
2025-05-18,D04,Day,7,7,56
2025-05-18,D04,Evening,7,7,56
2025-05-18,D04,Night,8,9,72
2025-05-18,D05,Day,8,8,64
2025-05-18,D05,Evening,3,3,24
2025-05-18,D05,Night,4,3,24
2025-05-18,D06,Day,5,5,40
2025-05-18,D06,Evening,6,5,40
2025-05-18,D06,Night,6,6,48
2025-05-19,D01,Day,8,6,48
2025-05-19,D01,Evening,8,8,64
2025-05-19,D01,Night,10,10,80
2025-05-19,D02,Day,6,6,48
2025-05-19,D02,Evening,5,5,40
2025-05-19,D02,Night,8,8,64
2025-05-19,D03,Day,4,3,24
2025-05-19,D03,Evening,3,3,24
2025-05-19,D03,Night,6,7,56
2025-05-19,D04,Day,6,6,48
2025-05-19,D04,Evening,9,8,64
2025-05-19,D04,Night,4,4,32
2025-05-19,D05,Day,7,5,40
2025-05-19,D05,Evening,7,6,48
2025-05-19,D05,Night,4,2,16
2025-05-19,D06,Day,4,4,32
2025-05-19,D06,Evening,3,2,16
2025-05-19,D06,Night,3,3,24
2025-05-20,D01,Day,8,8,64
2025-05-20,D01,Evening,9,9,72
2025-05-20,D01,Night,7,7,56
2025-05-20,D02,Day,6,7,56
2025-05-20,D02,Evening,7,7,56
2025-05-20,D02,Night,4,4,32
2025-05-20,D03,Day,7,7,56
2025-05-20,D03,Evening,6,5,40
2025-05-20,D03,Night,6,5,40
2025-05-20,D04,Day,9,9,72
2025-05-20,D04,Evening,5,5,40
2025-05-20,D04,Night,8,8,64
2025-05-20,D05,Day,6,4,32
2025-05-20,D05,Evening,5,3,24
2025-05-20,D05,Night,7,5,40
2025-05-20,D06,Day,5,3,24
2025-05-20,D06,Evening,5,5,40
2025-05-20,D06,Night,5,5,40
2025-05-21,D01,Day,7,6,48
2025-05-21,D01,Evening,8,6,48
2025-05-21,D01,Night,10,10,80
2025-05-21,D02,Day,3,3,24
2025-05-21,D02,Evening,5,4,32
2025-05-21,D02,Night,6,6,48
2025-05-21,D03,Day,2,2,16
2025-05-21,D03,Evening,6,6,48
2025-05-21,D03,Night,6,6,48
2025-05-21,D04,Day,8,9,72
2025-05-21,D04,Evening,9,9,72
2025-05-21,D04,Night,10,9,72
2025-05-21,D05,Day,5,6,48
2025-05-21,D05,Evening,5,3,24
2025-05-21,D05,Night,5,3,24
2025-05-21,D06,Day,3,3,24
2025-05-21,D06,Evening,3,3,24
2025-05-21,D06,Night,4,3,24
2025-05-22,D01,Day,8,8,64
2025-05-22,D01,Evening,9,10,80
2025-05-22,D01,Night,10,9,72
2025-05-22,D02,Day,5,5,40
2025-05-22,D02,Evening,7,7,56
2025-05-22,D02,Night,7,7,56
2025-05-22,D03,Day,7,6,48
2025-05-22,D03,Evening,6,7,56
2025-05-22,D03,Night,6,6,48
2025-05-22,D04,Day,7,8,64
2025-05-22,D04,Evening,6,6,48
2025-05-22,D04,Night,7,7,56
2025-05-22,D05,Day,7,7,56
2025-05-22,D05,Evening,4,2,16
2025-05-22,D05,Night,8,8,64
2025-05-22,D06,Day,4,3,24
2025-05-22,D06,Evening,5,3,24
2025-05-22,D06,Night,3,4,32
2025-05-23,D01,Day,9,9,72
2025-05-23,D01,Evening,8,6,48
2025-05-23,D01,Night,6,6,48
2025-05-23,D02,Day,5,5,40
2025-05-23,D02,Evening,7,7,56
2025-05-23,D02,Night,4,4,32
2025-05-23,D03,Day,7,7,56
2025-05-23,D03,Evening,5,5,40
2025-05-23,D03,Night,5,4,32
2025-05-23,D04,Day,11,9,72
2025-05-23,D04,Evening,8,9,72
2025-05-23,D04,Night,6,6,48
2025-05-23,D05,Day,5,3,24
2025-05-23,D05,Evening,5,3,24
2025-05-23,D05,Night,6,5,40
2025-05-23,D06,Day,4,2,16
2025-05-23,D06,Evening,5,4,32
2025-05-23,D06,Night,4,4,32
2025-05-24,D01,Day,9,8,64
2025-05-24,D01,Evening,7,5,40
2025-05-24,D01,Night,9,8,64
2025-05-24,D02,Day,4,3,24
2025-05-24,D02,Evening,6,7,56
2025-05-24,D02,Night,5,5,40
2025-05-24,D03,Day,5,5,40
2025-05-24,D03,Evening,4,4,32
2025-05-24,D03,Night,6,6,48
2025-05-24,D04,Day,6,4,32
2025-05-24,D04,Evening,8,9,72
2025-05-24,D04,Night,8,8,64
2025-05-24,D05,Day,3,1,8
2025-05-24,D05,Evening,2,2,16
2025-05-24,D05,Night,4,4,32
2025-05-24,D06,Day,5,3,24
2025-05-24,D06,Evening,5,6,48
2025-05-24,D06,Night,2,2,16
2025-05-25,D01,Day,8,8,64
2025-05-25,D01,Evening,7,8,64
2025-05-25,D01,Night,9,9,72
2025-05-25,D02,Day,5,5,40
2025-05-25,D02,Evening,9,7,56
2025-05-25,D02,Night,5,5,40
2025-05-25,D03,Day,9,8,64
2025-05-25,D03,Evening,5,5,40
2025-05-25,D03,Night,6,6,48
2025-05-25,D04,Day,6,6,48
2025-05-25,D04,Evening,6,4,32
2025-05-25,D04,Night,5,5,40
2025-05-25,D05,Day,6,6,48
2025-05-25,D05,Evening,9,7,56
2025-05-25,D05,Night,5,6,48
2025-05-25,D06,Day,6,7,56
2025-05-25,D06,Evening,5,5,40
2025-05-25,D06,Night,6,6,48
2025-05-26,D01,Day,9,8,64
2025-05-26,D01,Evening,10,8,64
2025-05-26,D01,Night,7,7,56
2025-05-26,D02,Day,8,8,64
2025-05-26,D02,Evening,5,5,40
2025-05-26,D02,Night,5,5,40
2025-05-26,D03,Day,6,6,48
2025-05-26,D03,Evening,5,5,40
2025-05-26,D03,Night,4,4,32
2025-05-26,D04,Day,6,6,48
2025-05-26,D04,Evening,6,7,56
2025-05-26,D04,Night,9,10,80
2025-05-26,D05,Day,4,2,16
2025-05-26,D05,Evening,7,7,56
2025-05-26,D05,Night,4,4,32
2025-05-26,D06,Day,4,4,32
2025-05-26,D06,Evening,5,4,32
2025-05-26,D06,Night,4,4,32
2025-05-27,D01,Day,9,9,72
2025-05-27,D01,Evening,8,6,48
2025-05-27,D01,Night,8,8,64
2025-05-27,D02,Day,5,5,40
2025-05-27,D02,Evening,6,6,48
2025-05-27,D02,Night,5,6,48
2025-05-27,D03,Day,6,7,56
2025-05-27,D03,Evening,6,6,48
2025-05-27,D03,Night,6,6,48
2025-05-27,D04,Day,8,8,64
2025-05-27,D04,Evening,4,4,32
2025-05-27,D04,Night,10,10,80
2025-05-27,D05,Day,6,4,32
2025-05-27,D05,Evening,7,6,48
2025-05-27,D05,Night,5,6,48
2025-05-27,D06,Day,5,5,40
2025-05-27,D06,Evening,4,4,32
2025-05-27,D06,Night,3,4,32
2025-05-28,D01,Day,8,8,64
2025-05-28,D01,Evening,6,6,48
2025-05-28,D01,Night,8,8,64
2025-05-28,D02,Day,8,7,56
2025-05-28,D02,Evening,7,6,48
2025-05-28,D02,Night,4,4,32
2025-05-28,D03,Day,5,4,32
2025-05-28,D03,Evening,4,5,40
2025-05-28,D03,Night,5,5,40
2025-05-28,D04,Day,6,6,48
2025-05-28,D04,Evening,5,5,40
2025-05-28,D04,Night,7,7,56
2025-05-28,D05,Day,6,7,56
2025-05-28,D05,Evening,6,6,48
2025-05-28,D05,Night,7,8,64
2025-05-28,D06,Day,3,3,24
2025-05-28,D06,Evening,3,3,24
2025-05-28,D06,Night,4,3,24
2025-05-29,D01,Day,7,7,56
2025-05-29,D01,Evening,6,5,40
2025-05-29,D01,Night,9,8,64
2025-05-29,D02,Day,6,6,48
2025-05-29,D02,Evening,7,6,48
2025-05-29,D02,Night,5,3,24
2025-05-29,D03,Day,8,9,72
2025-05-29,D03,Evening,7,7,56
2025-05-29,D03,Night,4,5,40
2025-05-29,D04,Day,7,5,40
2025-05-29,D04,Evening,6,6,48
2025-05-29,D04,Night,6,4,32
2025-05-29,D05,Day,8,8,64
2025-05-29,D05,Evening,4,3,24
2025-05-29,D05,Night,7,7,56
2025-05-29,D06,Day,2,1,8
2025-05-29,D06,Evening,3,2,16
2025-05-29,D06,Night,5,5,40
2025-05-30,D01,Day,10,11,88
2025-05-30,D01,Evening,7,7,56
2025-05-30,D01,Night,9,7,56
2025-05-30,D02,Day,3,3,24
2025-05-30,D02,Evening,6,4,32
2025-05-30,D02,Night,7,5,40
2025-05-30,D03,Day,7,8,64
2025-05-30,D03,Evening,3,4,32
2025-05-30,D03,Night,6,5,40
2025-05-30,D04,Day,8,8,64
2025-05-30,D04,Evening,10,11,88
2025-05-30,D04,Night,9,9,72
2025-05-30,D05,Day,7,7,56
2025-05-30,D05,Evening,5,4,32
2025-05-30,D05,Night,4,5,40
2025-05-30,D06,Day,6,4,32
2025-05-30,D06,Evening,6,5,40
2025-05-30,D06,Night,3,2,16
2025-05-31,D01,Day,7,7,56
2025-05-31,D01,Evening,9,9,72
2025-05-31,D01,Night,7,7,56
2025-05-31,D02,Day,6,5,40
2025-05-31,D02,Evening,7,6,48
2025-05-31,D02,Night,7,5,40
2025-05-31,D03,Day,7,8,64
2025-05-31,D03,Evening,7,8,64
2025-05-31,D03,Night,3,4,32
2025-05-31,D04,Day,8,8,64
2025-05-31,D04,Evening,8,7,56
2025-05-31,D04,Night,8,9,72
2025-05-31,D05,Day,5,5,40
2025-05-31,D05,Evening,7,7,56
2025-05-31,D05,Night,5,3,24
2025-05-31,D06,Day,4,2,16
2025-05-31,D06,Evening,4,2,16
2025-05-31,D06,Night,3,1,8
2025-06-01,D01,Day,8,8,64
2025-06-01,D01,Evening,9,8,64
2025-06-01,D01,Night,6,6,48
2025-06-01,D02,Day,4,2,16
2025-06-01,D02,Evening,6,4,32
2025-06-01,D02,Night,8,8,64
2025-06-01,D03,Day,6,4,32
2025-06-01,D03,Evening,6,6,48
2025-06-01,D03,Night,6,5,40
2025-06-01,D04,Day,9,7,56
2025-06-01,D04,Evening,8,8,64
2025-06-01,D04,Night,9,7,56
2025-06-01,D05,Day,5,6,48
2025-06-01,D05,Evening,8,7,56
2025-06-01,D05,Night,4,5,40
2025-06-01,D06,Day,4,3,24
2025-06-01,D06,Evening,6,7,56
2025-06-01,D06,Night,5,5,40
2025-06-02,D01,Day,8,8,64
2025-06-02,D01,Evening,8,8,64
2025-06-02,D01,Night,10,10,80
2025-06-02,D02,Day,4,3,24
2025-06-02,D02,Evening,4,3,24
2025-06-02,D02,Night,5,6,48
2025-06-02,D03,Day,5,6,48
2025-06-02,D03,Evening,5,5,40
2025-06-02,D03,Night,6,6,48
2025-06-02,D04,Day,8,6,48
2025-06-02,D04,Evening,7,6,48
2025-06-02,D04,Night,5,5,40
2025-06-02,D05,Day,3,3,24
2025-06-02,D05,Evening,7,7,56
2025-06-02,D05,Night,5,6,48
2025-06-02,D06,Day,6,6,48
2025-06-02,D06,Evening,5,5,40
2025-06-02,D06,Night,6,5,40
2025-06-03,D01,Day,10,10,80
2025-06-03,D01,Evening,9,7,56
2025-06-03,D01,Night,10,8,64
2025-06-03,D02,Day,7,8,64
2025-06-03,D02,Evening,5,6,48
2025-06-03,D02,Night,7,7,56
2025-06-03,D03,Day,7,8,64
2025-06-03,D03,Evening,7,5,40
2025-06-03,D03,Night,5,4,32
2025-06-03,D04,Day,8,8,64
2025-06-03,D04,Evening,9,10,80
2025-06-03,D04,Night,6,6,48
2025-06-03,D05,Day,7,6,48
2025-06-03,D05,Evening,7,7,56
2025-06-03,D05,Night,4,3,24
2025-06-03,D06,Day,6,6,48
2025-06-03,D06,Evening,6,6,48
2025-06-03,D06,Night,2,2,16
2025-06-04,D01,Day,9,7,56
2025-06-04,D01,Evening,11,11,88
2025-06-04,D01,Night,9,8,64
2025-06-04,D02,Day,5,6,48
2025-06-04,D02,Evening,7,5,40
2025-06-04,D02,Night,5,6,48
2025-06-04,D03,Day,7,7,56
2025-06-04,D03,Evening,5,6,48
2025-06-04,D03,Night,5,6,48
2025-06-04,D04,Day,6,5,40
2025-06-04,D04,Evening,7,7,56
2025-06-04,D04,Night,6,6,48
2025-06-04,D05,Day,6,6,48
2025-06-04,D05,Evening,4,3,24
2025-06-04,D05,Night,4,4,32
2025-06-04,D06,Day,6,6,48
2025-06-04,D06,Evening,3,1,8
2025-06-04,D06,Night,2,2,16
2025-06-05,D01,Day,11,12,96
2025-06-05,D01,Evening,6,4,32
2025-06-05,D01,Night,8,6,48
2025-06-05,D02,Day,4,4,32
2025-06-05,D02,Evening,4,4,32
2025-06-05,D02,Night,5,5,40
2025-06-05,D03,Day,6,6,48
2025-06-05,D03,Evening,6,6,48
2025-06-05,D03,Night,6,4,32
2025-06-05,D04,Day,7,6,48
2025-06-05,D04,Evening,7,8,64
2025-06-05,D04,Night,7,5,40
2025-06-05,D05,Day,6,5,40
2025-06-05,D05,Evening,7,5,40
2025-06-05,D05,Night,8,9,72
2025-06-05,D06,Day,6,7,56
2025-06-05,D06,Evening,7,6,48
2025-06-05,D06,Night,5,6,48
2025-06-06,D01,Day,8,8,64
2025-06-06,D01,Evening,12,11,88
2025-06-06,D01,Night,10,8,64
2025-06-06,D02,Day,6,4,32
2025-06-06,D02,Evening,9,9,72
2025-06-06,D02,Night,8,8,64
2025-06-06,D03,Day,7,5,40
2025-06-06,D03,Evening,5,5,40
2025-06-06,D03,Night,6,5,40
2025-06-06,D04,Day,8,8,64
2025-06-06,D04,Evening,7,7,56
2025-06-06,D04,Night,5,3,24
2025-06-06,D05,Day,5,5,40
2025-06-06,D05,Evening,6,6,48
2025-06-06,D05,Night,6,5,40
2025-06-06,D06,Day,4,2,16
2025-06-06,D06,Evening,4,4,32
2025-06-06,D06,Night,6,5,40
2025-06-07,D01,Day,10,10,80
2025-06-07,D01,Evening,10,10,80
2025-06-07,D01,Night,7,7,56
2025-06-07,D02,Day,5,5,40
2025-06-07,D02,Evening,4,5,40
2025-06-07,D02,Night,7,7,56
2025-06-07,D03,Day,3,2,16
2025-06-07,D03,Evening,5,5,40
2025-06-07,D03,Night,7,8,64
2025-06-07,D04,Day,9,9,72
2025-06-07,D04,Evening,8,6,48
2025-06-07,D04,Night,9,9,72
2025-06-07,D05,Day,7,7,56
2025-06-07,D05,Evening,6,7,56
2025-06-07,D05,Night,6,6,48
2025-06-07,D06,Day,4,4,32
2025-06-07,D06,Evening,7,5,40
2025-06-07,D06,Night,3,3,24
2025-06-08,D01,Day,10,11,88
2025-06-08,D01,Evening,8,8,64
2025-06-08,D01,Night,8,7,56
2025-06-08,D02,Day,4,4,32
2025-06-08,D02,Evening,4,5,40
2025-06-08,D02,Night,6,6,48
2025-06-08,D03,Day,5,6,48
2025-06-08,D03,Evening,6,6,48
2025-06-08,D03,Night,7,7,56
2025-06-08,D04,Day,4,4,32
2025-06-08,D04,Evening,6,7,56
2025-06-08,D04,Night,6,6,48
2025-06-08,D05,Day,5,5,40
2025-06-08,D05,Evening,6,7,56
2025-06-08,D05,Night,6,6,48
2025-06-08,D06,Day,5,4,32
2025-06-08,D06,Evening,6,4,32
2025-06-08,D06,Night,7,6,48
2025-06-09,D01,Day,8,6,48
2025-06-09,D01,Evening,8,6,48
2025-06-09,D01,Night,8,6,48
2025-06-09,D02,Day,6,4,32
2025-06-09,D02,Evening,8,9,72
2025-06-09,D02,Night,4,5,40
2025-06-09,D03,Day,6,4,32
2025-06-09,D03,Evening,5,5,40
2025-06-09,D03,Night,4,4,32
2025-06-09,D04,Day,8,8,64
2025-06-09,D04,Evening,6,5,40
2025-06-09,D04,Night,6,6,48
2025-06-09,D05,Day,5,5,40
2025-06-09,D05,Evening,7,7,56
2025-06-09,D05,Night,6,7,56
2025-06-09,D06,Day,3,1,8
2025-06-09,D06,Evening,3,3,24
2025-06-09,D06,Night,6,6,48
2025-06-10,D01,Day,10,10,80
2025-06-10,D01,Evening,8,7,56
2025-06-10,D01,Night,8,8,64
2025-06-10,D02,Day,6,5,40
2025-06-10,D02,Evening,5,5,40
2025-06-10,D02,Night,5,3,24
2025-06-10,D03,Day,5,3,24
2025-06-10,D03,Evening,6,6,48
2025-06-10,D03,Night,5,5,40
2025-06-10,D04,Day,5,4,32
2025-06-10,D04,Evening,10,10,80
2025-06-10,D04,Night,7,7,56
2025-06-10,D05,Day,4,5,40
2025-06-10,D05,Evening,5,3,24
2025-06-10,D05,Night,2,3,24
2025-06-10,D06,Day,5,6,48
2025-06-10,D06,Evening,3,3,24
2025-06-10,D06,Night,6,6,48
2025-06-11,D01,Day,9,9,72
2025-06-11,D01,Evening,12,12,96
2025-06-11,D01,Night,9,7,56
2025-06-11,D02,Day,6,6,48
2025-06-11,D02,Evening,7,7,56
2025-06-11,D02,Night,5,4,32
2025-06-11,D03,Day,6,7,56
2025-06-11,D03,Evening,2,2,16
2025-06-11,D03,Night,7,5,40
2025-06-11,D04,Day,8,8,64
2025-06-11,D04,Evening,9,9,72
2025-06-11,D04,Night,8,8,64
2025-06-11,D05,Day,5,4,32
2025-06-11,D05,Evening,4,4,32
2025-06-11,D05,Night,4,4,32
2025-06-11,D06,Day,7,5,40
2025-06-11,D06,Evening,3,4,32
2025-06-11,D06,Night,6,6,48
2025-06-12,D01,Day,7,7,56
2025-06-12,D01,Evening,11,10,80
2025-06-12,D01,Night,8,8,64
2025-06-12,D02,Day,7,7,56
2025-06-12,D02,Evening,5,5,40
2025-06-12,D02,Night,4,4,32
2025-06-12,D03,Day,7,7,56
2025-06-12,D03,Evening,3,2,16
2025-06-12,D03,Night,4,2,16
2025-06-12,D04,Day,5,5,40
2025-06-12,D04,Evening,8,6,48
2025-06-12,D04,Night,6,6,48
2025-06-12,D05,Day,5,5,40
2025-06-12,D05,Evening,5,3,24
2025-06-12,D05,Night,6,4,32
2025-06-12,D06,Day,3,2,16
2025-06-12,D06,Evening,3,3,24
2025-06-12,D06,Night,5,5,40
2025-06-13,D01,Day,7,7,56
2025-06-13,D01,Evening,8,9,72
2025-06-13,D01,Night,8,8,64
2025-06-13,D02,Day,7,8,64
2025-06-13,D02,Evening,3,3,24
2025-06-13,D02,Night,4,4,32
2025-06-13,D03,Day,4,4,32
2025-06-13,D03,Evening,6,5,40
2025-06-13,D03,Night,4,4,32
2025-06-13,D04,Day,8,8,64
2025-06-13,D04,Evening,7,7,56
2025-06-13,D04,Night,7,7,56
2025-06-13,D05,Day,7,7,56
2025-06-13,D05,Evening,5,5,40
2025-06-13,D05,Night,4,5,40
2025-06-13,D06,Day,6,6,48
2025-06-13,D06,Evening,2,2,16
2025-06-13,D06,Night,4,4,32
2025-06-14,D01,Day,9,7,56
2025-06-14,D01,Evening,7,7,56
2025-06-14,D01,Night,10,11,88
2025-06-14,D02,Day,8,8,64
2025-06-14,D02,Evening,6,7,56
2025-06-14,D02,Night,7,7,56
2025-06-14,D03,Day,7,5,40
2025-06-14,D03,Evening,4,3,24
2025-06-14,D03,Night,8,8,64
2025-06-14,D04,Day,9,8,64
2025-06-14,D04,Evening,7,7,56
2025-06-14,D04,Night,7,7,56
2025-06-14,D05,Day,5,5,40
2025-06-14,D05,Evening,4,4,32
2025-06-14,D05,Night,6,6,48
2025-06-14,D06,Day,4,2,16
2025-06-14,D06,Evening,4,3,24
2025-06-14,D06,Night,3,4,32
2025-06-15,D01,Day,10,10,80
2025-06-15,D01,Evening,8,8,64
2025-06-15,D01,Night,7,7,56
2025-06-15,D02,Day,7,6,48
2025-06-15,D02,Evening,5,5,40
2025-06-15,D02,Night,5,6,48
2025-06-15,D03,Day,5,4,32
2025-06-15,D03,Evening,2,2,16
2025-06-15,D03,Night,6,5,40
2025-06-15,D04,Day,9,7,56
2025-06-15,D04,Evening,7,8,64
2025-06-15,D04,Night,7,7,56
2025-06-15,D05,Day,8,8,64
2025-06-15,D05,Evening,2,1,8
2025-06-15,D05,Night,5,4,32
2025-06-15,D06,Day,2,2,16
2025-06-15,D06,Evening,7,7,56
2025-06-15,D06,Night,5,3,24
2025-06-16,D01,Day,7,7,56
2025-06-16,D01,Evening,7,7,56
2025-06-16,D01,Night,10,8,64
2025-06-16,D02,Day,6,6,48
2025-06-16,D02,Evening,5,5,40
2025-06-16,D02,Night,8,8,64
2025-06-16,D03,Day,5,5,40
2025-06-16,D03,Evening,7,6,48
2025-06-16,D03,Night,8,8,64
2025-06-16,D04,Day,9,7,56
2025-06-16,D04,Evening,7,5,40
2025-06-16,D04,Night,8,9,72
2025-06-16,D05,Day,6,6,48
2025-06-16,D05,Evening,5,4,32
2025-06-16,D05,Night,5,5,40
2025-06-16,D06,Day,4,3,24
2025-06-16,D06,Evening,6,7,56
2025-06-16,D06,Night,5,4,32
2025-06-17,D01,Day,7,7,56
2025-06-17,D01,Evening,9,9,72
2025-06-17,D01,Night,7,7,56
2025-06-17,D02,Day,7,7,56
2025-06-17,D02,Evening,7,8,64
2025-06-17,D02,Night,7,7,56
2025-06-17,D03,Day,7,7,56
2025-06-17,D03,Evening,4,3,24
2025-06-17,D03,Night,5,5,40
2025-06-17,D04,Day,7,7,56
2025-06-17,D04,Evening,6,6,48
2025-06-17,D04,Night,7,7,56
2025-06-17,D05,Day,4,3,24
2025-06-17,D05,Evening,8,6,48
2025-06-17,D05,Night,3,1,8
2025-06-17,D06,Day,6,6,48
2025-06-17,D06,Evening,6,5,40
2025-06-17,D06,Night,7,7,56
2025-06-18,D01,Day,8,7,56
2025-06-18,D01,Evening,9,7,56
2025-06-18,D01,Night,9,9,72
2025-06-18,D02,Day,5,3,24
2025-06-18,D02,Evening,4,4,32
2025-06-18,D02,Night,4,4,32
2025-06-18,D03,Day,6,6,48
2025-06-18,D03,Evening,7,6,48
2025-06-18,D03,Night,6,5,40
2025-06-18,D04,Day,9,9,72
2025-06-18,D04,Evening,9,10,80
2025-06-18,D04,Night,8,8,64
2025-06-18,D05,Day,6,6,48
2025-06-18,D05,Evening,9,8,64
2025-06-18,D05,Night,5,5,40
2025-06-18,D06,Day,6,4,32
2025-06-18,D06,Evening,6,4,32
2025-06-18,D06,Night,4,2,16
2025-06-19,D01,Day,11,10,80
2025-06-19,D01,Evening,10,10,80
2025-06-19,D01,Night,7,5,40
2025-06-19,D02,Day,6,7,56
2025-06-19,D02,Evening,6,6,48
2025-06-19,D02,Night,4,4,32
2025-06-19,D03,Day,7,8,64
2025-06-19,D03,Evening,5,5,40
2025-06-19,D03,Night,6,5,40
2025-06-19,D04,Day,8,8,64
2025-06-19,D04,Evening,7,6,48
2025-06-19,D04,Night,6,5,40
2025-06-19,D05,Day,7,7,56
2025-06-19,D05,Evening,5,3,24
2025-06-19,D05,Night,7,5,40
2025-06-19,D06,Day,3,4,32
2025-06-19,D06,Evening,5,6,48
2025-06-19,D06,Night,5,5,40
2025-06-20,D01,Day,9,9,72
2025-06-20,D01,Evening,12,13,104
2025-06-20,D01,Night,6,6,48
2025-06-20,D02,Day,9,10,80
2025-06-20,D02,Evening,5,4,32
2025-06-20,D02,Night,4,4,32
2025-06-20,D03,Day,6,6,48
2025-06-20,D03,Evening,5,5,40
2025-06-20,D03,Night,7,7,56
2025-06-20,D04,Day,10,11,88
2025-06-20,D04,Evening,8,8,64
2025-06-20,D04,Night,9,9,72
2025-06-20,D05,Day,7,6,48
2025-06-20,D05,Evening,5,5,40
2025-06-20,D05,Night,6,4,32
2025-06-20,D06,Day,7,5,40
2025-06-20,D06,Evening,7,7,56
2025-06-20,D06,Night,6,6,48
2025-06-21,D01,Day,6,7,56
2025-06-21,D01,Evening,9,10,80
2025-06-21,D01,Night,6,5,40
2025-06-21,D02,Day,6,5,40
2025-06-21,D02,Evening,7,5,40
2025-06-21,D02,Night,5,6,48
2025-06-21,D03,Day,6,7,56
2025-06-21,D03,Evening,5,4,32
2025-06-21,D03,Night,6,6,48
2025-06-21,D04,Day,6,7,56
2025-06-21,D04,Evening,8,9,72
2025-06-21,D04,Night,9,10,80
2025-06-21,D05,Day,5,4,32
2025-06-21,D05,Evening,4,4,32
2025-06-21,D05,Night,8,7,56
2025-06-21,D06,Day,3,3,24
2025-06-21,D06,Evening,4,2,16
2025-06-21,D06,Night,6,6,48
2025-06-22,D01,Day,10,8,64
2025-06-22,D01,Evening,10,9,72
2025-06-22,D01,Night,10,10,80
2025-06-22,D02,Day,5,4,32
2025-06-22,D02,Evening,7,7,56
2025-06-22,D02,Night,4,3,24
2025-06-22,D03,Day,7,7,56
2025-06-22,D03,Evening,5,6,48
2025-06-22,D03,Night,4,4,32
2025-06-22,D04,Day,7,6,48
2025-06-22,D04,Evening,8,8,64
2025-06-22,D04,Night,7,7,56
2025-06-22,D05,Day,5,6,48
2025-06-22,D05,Evening,7,7,56
2025-06-22,D05,Night,5,5,40
2025-06-22,D06,Day,7,8,64
2025-06-22,D06,Evening,6,6,48
2025-06-22,D06,Night,5,5,40
2025-06-23,D01,Day,8,7,56
2025-06-23,D01,Evening,7,8,64
2025-06-23,D01,Night,10,10,80
2025-06-23,D02,Day,6,6,48
2025-06-23,D02,Evening,3,2,16
2025-06-23,D02,Night,5,3,24
2025-06-23,D03,Day,6,7,56
2025-06-23,D03,Evening,6,6,48
2025-06-23,D03,Night,6,6,48
2025-06-23,D04,Day,9,8,64
2025-06-23,D04,Evening,7,6,48
2025-06-23,D04,Night,5,4,32
2025-06-23,D05,Day,3,3,24
2025-06-23,D05,Evening,5,5,40
2025-06-23,D05,Night,7,7,56
2025-06-23,D06,Day,6,6,48
2025-06-23,D06,Evening,5,5,40
2025-06-23,D06,Night,3,3,24
2025-06-24,D01,Day,10,10,80
2025-06-24,D01,Evening,10,10,80
2025-06-24,D01,Night,7,7,56
2025-06-24,D02,Day,6,6,48
2025-06-24,D02,Evening,2,3,24
2025-06-24,D02,Night,3,3,24
2025-06-24,D03,Day,4,4,32
2025-06-24,D03,Evening,4,4,32
2025-06-24,D03,Night,5,6,48
2025-06-24,D04,Day,6,7,56
2025-06-24,D04,Evening,6,4,32
2025-06-24,D04,Night,8,8,64
2025-06-24,D05,Day,4,4,32
2025-06-24,D05,Evening,7,7,56
2025-06-24,D05,Night,5,5,40
2025-06-24,D06,Day,4,2,16
2025-06-24,D06,Evening,6,4,32
2025-06-24,D06,Night,6,4,32
2025-06-25,D01,Day,10,10,80
2025-06-25,D01,Evening,7,7,56
2025-06-25,D01,Night,7,5,40
2025-06-25,D02,Day,5,5,40
2025-06-25,D02,Evening,7,7,56
2025-06-25,D02,Night,3,3,24
2025-06-25,D03,Day,3,4,32
2025-06-25,D03,Evening,5,5,40
2025-06-25,D03,Night,6,5,40
2025-06-25,D04,Day,7,7,56
2025-06-25,D04,Evening,6,5,40
2025-06-25,D04,Night,7,7,56
2025-06-25,D05,Day,6,6,48
2025-06-25,D05,Evening,5,5,40
2025-06-25,D05,Night,5,5,40
2025-06-25,D06,Day,4,3,24
2025-06-25,D06,Evening,4,4,32
2025-06-25,D06,Night,5,5,40
2025-06-26,D01,Day,11,11,88
2025-06-26,D01,Evening,8,8,64
2025-06-26,D01,Night,9,9,72
2025-06-26,D02,Day,3,1,8
2025-06-26,D02,Evening,4,4,32
2025-06-26,D02,Night,3,3,24
2025-06-26,D03,Day,6,7,56
2025-06-26,D03,Evening,4,2,16
2025-06-26,D03,Night,6,6,48
2025-06-26,D04,Day,6,6,48
2025-06-26,D04,Evening,7,7,56
2025-06-26,D04,Night,7,7,56
2025-06-26,D05,Day,3,4,32
2025-06-26,D05,Evening,7,7,56
2025-06-26,D05,Night,7,7,56
2025-06-26,D06,Day,6,6,48
2025-06-26,D06,Evening,3,3,24
2025-06-26,D06,Night,5,5,40
2025-06-27,D01,Day,8,8,64
2025-06-27,D01,Evening,10,9,72
2025-06-27,D01,Night,6,6,48
2025-06-27,D02,Day,2,2,16
2025-06-27,D02,Evening,4,4,32
2025-06-27,D02,Night,8,8,64
2025-06-27,D03,Day,6,7,56
2025-06-27,D03,Evening,5,5,40
2025-06-27,D03,Night,5,5,40
2025-06-27,D04,Day,7,6,48
2025-06-27,D04,Evening,8,6,48
2025-06-27,D04,Night,9,9,72
2025-06-27,D05,Day,5,6,48
2025-06-27,D05,Evening,7,8,64
2025-06-27,D05,Night,4,4,32
2025-06-27,D06,Day,4,3,24
2025-06-27,D06,Evening,5,4,32
2025-06-27,D06,Night,4,2,16
2025-06-28,D01,Day,9,8,64
2025-06-28,D01,Evening,8,6,48
2025-06-28,D01,Night,13,14,112
2025-06-28,D02,Day,7,5,40
2025-06-28,D02,Evening,4,4,32
2025-06-28,D02,Night,6,6,48
2025-06-28,D03,Day,7,6,48
2025-06-28,D03,Evening,6,6,48
2025-06-28,D03,Night,7,5,40
2025-06-28,D04,Day,9,8,64
2025-06-28,D04,Evening,6,4,32
2025-06-28,D04,Night,6,7,56
2025-06-28,D05,Day,5,4,32
2025-06-28,D05,Evening,5,5,40
2025-06-28,D05,Night,6,7,56
2025-06-28,D06,Day,7,7,56
2025-06-28,D06,Evening,4,2,16
2025-06-28,D06,Night,3,3,24
2025-06-29,D01,Day,8,7,56
2025-06-29,D01,Evening,9,7,56
2025-06-29,D01,Night,7,7,56
2025-06-29,D02,Day,5,6,48
2025-06-29,D02,Evening,6,6,48
2025-06-29,D02,Night,6,4,32
2025-06-29,D03,Day,6,7,56
2025-06-29,D03,Evening,7,7,56
2025-06-29,D03,Night,4,2,16
2025-06-29,D04,Day,9,9,72
2025-06-29,D04,Evening,6,4,32
2025-06-29,D04,Night,7,5,40
2025-06-29,D05,Day,6,6,48
2025-06-29,D05,Evening,5,4,32
2025-06-29,D05,Night,6,6,48
2025-06-29,D06,Day,5,4,32
2025-06-29,D06,Evening,6,6,48
2025-06-29,D06,Night,7,7,56
2025-06-30,D01,Day,9,9,72
2025-06-30,D01,Evening,9,7,56
2025-06-30,D01,Night,7,5,40
2025-06-30,D02,Day,7,7,56
2025-06-30,D02,Evening,6,6,48
2025-06-30,D02,Night,8,8,64
2025-06-30,D03,Day,6,7,56
2025-06-30,D03,Evening,5,5,40
2025-06-30,D03,Night,3,3,24
2025-06-30,D04,Day,6,6,48
2025-06-30,D04,Evening,11,11,88
2025-06-30,D04,Night,7,5,40
2025-06-30,D05,Day,4,2,16
2025-06-30,D05,Evening,4,3,24
2025-06-30,D05,Night,4,5,40
2025-06-30,D06,Day,5,3,24
2025-06-30,D06,Evening,3,1,8
2025-06-30,D06,Night,4,5,40
2025-07-01,D01,Day,7,5,40
2025-07-01,D01,Evening,9,8,64
2025-07-01,D01,Night,6,7,56
2025-07-01,D02,Day,7,7,56
2025-07-01,D02,Evening,5,6,48
2025-07-01,D02,Night,7,7,56
2025-07-01,D03,Day,2,2,16
2025-07-01,D03,Evening,9,7,56
2025-07-01,D03,Night,3,3,24
2025-07-01,D04,Day,7,7,56
2025-07-01,D04,Evening,9,9,72
2025-07-01,D04,Night,8,8,64
2025-07-01,D05,Day,5,5,40
2025-07-01,D05,Evening,8,8,64
2025-07-01,D05,Night,9,8,64
2025-07-01,D06,Day,6,6,48
2025-07-01,D06,Evening,3,3,24
2025-07-01,D06,Night,5,5,40
2025-07-02,D01,Day,8,7,56
2025-07-02,D01,Evening,10,10,80
2025-07-02,D01,Night,9,8,64
2025-07-02,D02,Day,6,6,48
2025-07-02,D02,Evening,5,3,24
2025-07-02,D02,Night,3,3,24
2025-07-02,D03,Day,6,6,48
2025-07-02,D03,Evening,6,5,40
2025-07-02,D03,Night,8,8,64
2025-07-02,D04,Day,8,8,64
2025-07-02,D04,Evening,6,4,32
2025-07-02,D04,Night,7,7,56
2025-07-02,D05,Day,5,4,32
2025-07-02,D05,Evening,5,5,40
2025-07-02,D05,Night,3,3,24
2025-07-02,D06,Day,5,4,32
2025-07-02,D06,Evening,6,6,48
2025-07-02,D06,Night,4,4,32
2025-07-03,D01,Day,10,8,64
2025-07-03,D01,Evening,8,9,72
2025-07-03,D01,Night,4,3,24
2025-07-03,D02,Day,5,4,32
2025-07-03,D02,Evening,7,7,56
2025-07-03,D02,Night,7,7,56
2025-07-03,D03,Day,6,6,48
2025-07-03,D03,Evening,5,3,24
2025-07-03,D03,Night,4,4,32
2025-07-03,D04,Day,7,7,56
2025-07-03,D04,Evening,8,9,72
2025-07-03,D04,Night,7,6,48
2025-07-03,D05,Day,6,7,56
2025-07-03,D05,Evening,9,10,80
2025-07-03,D05,Night,5,6,48
2025-07-03,D06,Day,5,5,40
2025-07-03,D06,Evening,4,4,32
2025-07-03,D06,Night,6,6,48
2025-07-04,D01,Day,10,10,80
2025-07-04,D01,Evening,9,8,64
2025-07-04,D01,Night,11,12,96
2025-07-04,D02,Day,4,4,32
2025-07-04,D02,Evening,7,7,56
2025-07-04,D02,Night,7,6,48
2025-07-04,D03,Day,6,4,32
2025-07-04,D03,Evening,6,5,40
2025-07-04,D03,Night,4,4,32
2025-07-04,D04,Day,5,6,48
2025-07-04,D04,Evening,6,6,48
2025-07-04,D04,Night,7,5,40
2025-07-04,D05,Day,6,6,48
2025-07-04,D05,Evening,3,3,24
2025-07-04,D05,Night,5,5,40
2025-07-04,D06,Day,2,1,8
2025-07-04,D06,Evening,2,2,16
2025-07-04,D06,Night,5,5,40
2025-07-05,D01,Day,6,4,32
2025-07-05,D01,Evening,11,10,80
2025-07-05,D01,Night,7,8,64
2025-07-05,D02,Day,6,6,48
2025-07-05,D02,Evening,4,4,32
2025-07-05,D02,Night,6,6,48
2025-07-05,D03,Day,7,7,56
2025-07-05,D03,Evening,7,7,56
2025-07-05,D03,Night,7,8,64
2025-07-05,D04,Day,8,8,64
2025-07-05,D04,Evening,8,8,64
2025-07-05,D04,Night,6,4,32
2025-07-05,D05,Day,5,5,40
2025-07-05,D05,Evening,4,2,16
2025-07-05,D05,Night,4,3,24
2025-07-05,D06,Day,7,7,56
2025-07-05,D06,Evening,3,3,24
2025-07-05,D06,Night,3,3,24
2025-07-06,D01,Day,5,5,40
2025-07-06,D01,Evening,9,7,56
2025-07-06,D01,Night,8,9,72
2025-07-06,D02,Day,6,7,56
2025-07-06,D02,Evening,6,4,32
2025-07-06,D02,Night,7,6,48
2025-07-06,D03,Day,4,5,40
2025-07-06,D03,Evening,5,5,40
2025-07-06,D03,Night,5,3,24
2025-07-06,D04,Day,9,7,56
2025-07-06,D04,Evening,7,5,40
2025-07-06,D04,Night,7,7,56
2025-07-06,D05,Day,5,5,40
2025-07-06,D05,Evening,7,8,64
2025-07-06,D05,Night,8,9,72
2025-07-06,D06,Day,4,5,40
2025-07-06,D06,Evening,4,3,24
2025-07-06,D06,Night,8,9,72
2025-07-07,D01,Day,8,7,56
2025-07-07,D01,Evening,11,11,88
2025-07-07,D01,Night,8,7,56
2025-07-07,D02,Day,2,3,24
2025-07-07,D02,Evening,4,2,16
2025-07-07,D02,Night,6,4,32
2025-07-07,D03,Day,5,5,40
2025-07-07,D03,Evening,6,6,48
2025-07-07,D03,Night,4,2,16
2025-07-07,D04,Day,7,7,56
2025-07-07,D04,Evening,6,5,40
2025-07-07,D04,Night,9,8,64
2025-07-07,D05,Day,5,6,48
2025-07-07,D05,Evening,6,7,56
2025-07-07,D05,Night,6,5,40
2025-07-07,D06,Day,5,5,40
2025-07-07,D06,Evening,4,4,32
2025-07-07,D06,Night,3,4,32
2025-07-08,D01,Day,10,8,64
2025-07-08,D01,Evening,6,6,48
2025-07-08,D01,Night,9,7,56
2025-07-08,D02,Day,7,7,56
2025-07-08,D02,Evening,2,3,24
2025-07-08,D02,Night,4,3,24
2025-07-08,D03,Day,5,5,40
2025-07-08,D03,Evening,3,4,32
2025-07-08,D03,Night,6,6,48
2025-07-08,D04,Day,10,8,64
2025-07-08,D04,Evening,8,8,64
2025-07-08,D04,Night,7,6,48
2025-07-08,D05,Day,4,4,32
2025-07-08,D05,Evening,5,4,32
2025-07-08,D05,Night,7,5,40
2025-07-08,D06,Day,6,6,48
2025-07-08,D06,Evening,2,1,8
2025-07-08,D06,Night,3,4,32
2025-07-09,D01,Day,8,8,64
2025-07-09,D01,Evening,8,7,56
2025-07-09,D01,Night,4,5,40
2025-07-09,D02,Day,5,3,24
2025-07-09,D02,Evening,5,5,40
2025-07-09,D02,Night,3,3,24
2025-07-09,D03,Day,6,5,40
2025-07-09,D03,Evening,6,4,32
2025-07-09,D03,Night,5,3,24
2025-07-09,D04,Day,6,6,48
2025-07-09,D04,Evening,8,8,64
2025-07-09,D04,Night,6,6,48
2025-07-09,D05,Day,2,3,24
2025-07-09,D05,Evening,5,3,24
2025-07-09,D05,Night,5,6,48
2025-07-09,D06,Day,5,5,40
2025-07-09,D06,Evening,8,6,48
2025-07-09,D06,Night,5,5,40
2025-07-10,D01,Day,10,9,72
2025-07-10,D01,Evening,9,9,72
2025-07-10,D01,Night,10,10,80
2025-07-10,D02,Day,8,6,48
2025-07-10,D02,Evening,5,6,48
2025-07-10,D02,Night,7,8,64
2025-07-10,D03,Day,5,5,40
2025-07-10,D03,Evening,4,3,24
2025-07-10,D03,Night,4,5,40
2025-07-10,D04,Day,6,4,32
2025-07-10,D04,Evening,9,9,72
2025-07-10,D04,Night,8,8,64
2025-07-10,D05,Day,4,2,16
2025-07-10,D05,Evening,5,4,32
2025-07-10,D05,Night,6,4,32
2025-07-10,D06,Day,4,4,32
2025-07-10,D06,Evening,6,6,48
2025-07-10,D06,Night,3,1,8
2025-07-11,D01,Day,12,12,96
2025-07-11,D01,Evening,6,4,32
2025-07-11,D01,Night,10,10,80
2025-07-11,D02,Day,4,3,24
2025-07-11,D02,Evening,8,8,64
2025-07-11,D02,Night,7,8,64
2025-07-11,D03,Day,4,4,32
2025-07-11,D03,Evening,4,4,32
2025-07-11,D03,Night,6,7,56
2025-07-11,D04,Day,8,7,56
2025-07-11,D04,Evening,8,6,48
2025-07-11,D04,Night,8,8,64
2025-07-11,D05,Day,6,4,32
2025-07-11,D05,Evening,6,6,48
2025-07-11,D05,Night,7,7,56
2025-07-11,D06,Day,5,5,40
2025-07-11,D06,Evening,4,5,40
2025-07-11,D06,Night,5,3,24
2025-07-12,D01,Day,9,9,72
2025-07-12,D01,Evening,10,10,80
2025-07-12,D01,Night,11,10,80
2025-07-12,D02,Day,8,6,48
2025-07-12,D02,Evening,4,4,32
2025-07-12,D02,Night,4,4,32
2025-07-12,D03,Day,8,8,64
2025-07-12,D03,Evening,2,2,16
2025-07-12,D03,Night,5,4,32
2025-07-12,D04,Day,5,5,40
2025-07-12,D04,Evening,7,7,56
2025-07-12,D04,Night,5,6,48
2025-07-12,D05,Day,5,6,48
2025-07-12,D05,Evening,3,3,24
2025-07-12,D05,Night,5,4,32
2025-07-12,D06,Day,3,3,24
2025-07-12,D06,Evening,5,5,40
2025-07-12,D06,Night,7,8,64
2025-07-13,D01,Day,11,12,96
2025-07-13,D01,Evening,7,8,64
2025-07-13,D01,Night,8,7,56
2025-07-13,D02,Day,7,8,64
2025-07-13,D02,Evening,3,3,24
2025-07-13,D02,Night,6,6,48
2025-07-13,D03,Day,7,8,64
2025-07-13,D03,Evening,5,5,40
2025-07-13,D03,Night,5,3,24
2025-07-13,D04,Day,7,7,56
2025-07-13,D04,Evening,8,7,56
2025-07-13,D04,Night,9,9,72
2025-07-13,D05,Day,6,4,32
2025-07-13,D05,Evening,5,5,40
2025-07-13,D05,Night,4,3,24
2025-07-13,D06,Day,3,3,24
2025-07-13,D06,Evening,7,8,64
2025-07-13,D06,Night,4,5,40
2025-07-14,D01,Day,11,11,88
2025-07-14,D01,Evening,10,10,80
2025-07-14,D01,Night,11,9,72
2025-07-14,D02,Day,3,1,8
2025-07-14,D02,Evening,7,8,64
2025-07-14,D02,Night,3,3,24
2025-07-14,D03,Day,4,4,32
2025-07-14,D03,Evening,7,8,64
2025-07-14,D03,Night,7,8,64
2025-07-14,D04,Day,6,5,40
2025-07-14,D04,Evening,6,5,40
2025-07-14,D04,Night,4,4,32
2025-07-14,D05,Day,4,2,16
2025-07-14,D05,Evening,7,7,56
2025-07-14,D05,Night,5,6,48
2025-07-14,D06,Day,6,6,48
2025-07-14,D06,Evening,6,6,48
2025-07-14,D06,Night,5,3,24
2025-07-15,D01,Day,6,4,32
2025-07-15,D01,Evening,7,6,48
2025-07-15,D01,Night,8,6,48
2025-07-15,D02,Day,6,6,48
2025-07-15,D02,Evening,4,3,24
2025-07-15,D02,Night,5,5,40
2025-07-15,D03,Day,4,2,16
2025-07-15,D03,Evening,6,6,48
2025-07-15,D03,Night,3,2,16
2025-07-15,D04,Day,7,8,64
2025-07-15,D04,Evening,10,10,80
2025-07-15,D04,Night,5,5,40
2025-07-15,D05,Day,7,6,48
2025-07-15,D05,Evening,5,6,48
2025-07-15,D05,Night,6,4,32
2025-07-15,D06,Day,4,5,40
2025-07-15,D06,Evening,4,4,32
2025-07-15,D06,Night,5,5,40
2025-07-16,D01,Day,7,6,48
2025-07-16,D01,Evening,6,4,32
2025-07-16,D01,Night,9,9,72
2025-07-16,D02,Day,6,4,32
2025-07-16,D02,Evening,7,8,64
2025-07-16,D02,Night,6,6,48
2025-07-16,D03,Day,7,7,56
2025-07-16,D03,Evening,7,8,64
2025-07-16,D03,Night,3,4,32
2025-07-16,D04,Day,6,6,48
2025-07-16,D04,Evening,8,9,72
2025-07-16,D04,Night,6,6,48
2025-07-16,D05,Day,6,7,56
2025-07-16,D05,Evening,2,2,16
2025-07-16,D05,Night,6,4,32
2025-07-16,D06,Day,7,7,56
2025-07-16,D06,Evening,5,5,40
2025-07-16,D06,Night,4,4,32
2025-07-17,D01,Day,8,6,48
2025-07-17,D01,Evening,9,9,72
2025-07-17,D01,Night,7,6,48
2025-07-17,D02,Day,6,5,40
2025-07-17,D02,Evening,7,7,56
2025-07-17,D02,Night,5,6,48
2025-07-17,D03,Day,5,6,48
2025-07-17,D03,Evening,6,6,48
2025-07-17,D03,Night,5,5,40
2025-07-17,D04,Day,9,9,72
2025-07-17,D04,Evening,8,7,56
2025-07-17,D04,Night,9,9,72
2025-07-17,D05,Day,6,7,56
2025-07-17,D05,Evening,7,5,40
2025-07-17,D05,Night,5,5,40
2025-07-17,D06,Day,5,3,24
2025-07-17,D06,Evening,4,5,40
2025-07-17,D06,Night,6,6,48
2025-07-18,D01,Day,9,8,64
2025-07-18,D01,Evening,12,13,104
2025-07-18,D01,Night,9,8,64
2025-07-18,D02,Day,6,6,48
2025-07-18,D02,Evening,9,7,56
2025-07-18,D02,Night,5,3,24
2025-07-18,D03,Day,4,5,40
2025-07-18,D03,Evening,5,6,48
2025-07-18,D03,Night,6,6,48
2025-07-18,D04,Day,9,9,72
2025-07-18,D04,Evening,8,6,48
2025-07-18,D04,Night,7,7,56
2025-07-18,D05,Day,4,3,24
2025-07-18,D05,Evening,6,6,48
2025-07-18,D05,Night,5,5,40
2025-07-18,D06,Day,6,7,56
2025-07-18,D06,Evening,4,5,40
2025-07-18,D06,Night,5,4,32
2025-07-19,D01,Day,7,7,56
2025-07-19,D01,Evening,10,8,64
2025-07-19,D01,Night,8,9,72
2025-07-19,D02,Day,7,7,56
2025-07-19,D02,Evening,8,8,64
2025-07-19,D02,Night,7,7,56
2025-07-19,D03,Day,7,6,48
2025-07-19,D03,Evening,5,5,40
2025-07-19,D03,Night,7,7,56
2025-07-19,D04,Day,7,5,40
2025-07-19,D04,Evening,5,3,24
2025-07-19,D04,Night,10,9,72
2025-07-19,D05,Day,6,6,48
2025-07-19,D05,Evening,6,6,48
2025-07-19,D05,Night,8,8,64
2025-07-19,D06,Day,2,2,16
2025-07-19,D06,Evening,5,5,40
2025-07-19,D06,Night,3,4,32
2025-07-20,D01,Day,8,9,72
2025-07-20,D01,Evening,10,10,80
2025-07-20,D01,Night,7,6,48
2025-07-20,D02,Day,6,4,32
2025-07-20,D02,Evening,5,6,48
2025-07-20,D02,Night,6,6,48
2025-07-20,D03,Day,5,5,40
2025-07-20,D03,Evening,4,5,40
2025-07-20,D03,Night,4,4,32
2025-07-20,D04,Day,7,7,56
2025-07-20,D04,Evening,6,6,48
2025-07-20,D04,Night,7,7,56
2025-07-20,D05,Day,4,5,40
2025-07-20,D05,Evening,3,3,24
2025-07-20,D05,Night,6,7,56
2025-07-20,D06,Day,4,2,16
2025-07-20,D06,Evening,4,4,32
2025-07-20,D06,Night,7,7,56
2025-07-21,D01,Day,6,4,32
2025-07-21,D01,Evening,10,8,64
2025-07-21,D01,Night,8,8,64
2025-07-21,D02,Day,5,5,40
2025-07-21,D02,Evening,3,4,32
2025-07-21,D02,Night,5,3,24
2025-07-21,D03,Day,5,3,24
2025-07-21,D03,Evening,10,10,80
2025-07-21,D03,Night,4,4,32
2025-07-21,D04,Day,8,9,72
2025-07-21,D04,Evening,9,9,72
2025-07-21,D04,Night,8,8,64
2025-07-21,D05,Day,5,4,32
2025-07-21,D05,Evening,6,6,48
2025-07-21,D05,Night,5,5,40
2025-07-21,D06,Day,5,6,48
2025-07-21,D06,Evening,2,2,16
2025-07-21,D06,Night,2,2,16
2025-07-22,D01,Day,9,9,72
2025-07-22,D01,Evening,9,8,64
2025-07-22,D01,Night,11,11,88
2025-07-22,D02,Day,5,4,32
2025-07-22,D02,Evening,4,4,32
2025-07-22,D02,Night,3,3,24
2025-07-22,D03,Day,7,7,56
2025-07-22,D03,Evening,8,7,56
2025-07-22,D03,Night,4,4,32
2025-07-22,D04,Day,8,6,48
2025-07-22,D04,Evening,6,6,48
2025-07-22,D04,Night,8,8,64
2025-07-22,D05,Day,6,5,40
2025-07-22,D05,Evening,6,6,48
2025-07-22,D05,Night,6,5,40
2025-07-22,D06,Day,3,3,24
2025-07-22,D06,Evening,5,5,40
2025-07-22,D06,Night,5,6,48
2025-07-23,D01,Day,7,8,64
2025-07-23,D01,Evening,8,8,64
2025-07-23,D01,Night,9,7,56
2025-07-23,D02,Day,4,4,32
2025-07-23,D02,Evening,5,5,40
2025-07-23,D02,Night,4,4,32
2025-07-23,D03,Day,4,4,32
2025-07-23,D03,Evening,6,6,48
2025-07-23,D03,Night,7,7,56
2025-07-23,D04,Day,8,9,72
2025-07-23,D04,Evening,7,5,40
2025-07-23,D04,Night,8,7,56
2025-07-23,D05,Day,7,6,48
2025-07-23,D05,Evening,4,5,40
2025-07-23,D05,Night,6,6,48
2025-07-23,D06,Day,5,5,40
2025-07-23,D06,Evening,4,2,16
2025-07-23,D06,Night,5,5,40
2025-07-24,D01,Day,11,12,96
2025-07-24,D01,Evening,8,8,64
2025-07-24,D01,Night,10,10,80
2025-07-24,D02,Day,4,2,16
2025-07-24,D02,Evening,5,5,40
2025-07-24,D02,Night,4,4,32
2025-07-24,D03,Day,4,2,16
2025-07-24,D03,Evening,8,8,64
2025-07-24,D03,Night,5,5,40
2025-07-24,D04,Day,8,8,64
2025-07-24,D04,Evening,9,9,72
2025-07-24,D04,Night,6,7,56
2025-07-24,D05,Day,7,6,48
2025-07-24,D05,Evening,7,6,48
2025-07-24,D05,Night,4,3,24
2025-07-24,D06,Day,6,6,48
2025-07-24,D06,Evening,6,4,32
2025-07-24,D06,Night,5,4,32
2025-07-25,D01,Day,9,9,72
2025-07-25,D01,Evening,9,8,64
2025-07-25,D01,Night,6,4,32
2025-07-25,D02,Day,4,2,16
2025-07-25,D02,Evening,5,6,48
2025-07-25,D02,Night,6,6,48
2025-07-25,D03,Day,5,5,40
2025-07-25,D03,Evening,4,4,32
2025-07-25,D03,Night,3,3,24
2025-07-25,D04,Day,9,10,80
2025-07-25,D04,Evening,7,7,56
2025-07-25,D04,Night,7,5,40
2025-07-25,D05,Day,5,3,24
2025-07-25,D05,Evening,5,5,40
2025-07-25,D05,Night,5,5,40
2025-07-25,D06,Day,3,4,32
2025-07-25,D06,Evening,7,7,56
2025-07-25,D06,Night,4,4,32
2025-07-26,D01,Day,10,11,88
2025-07-26,D01,Evening,7,7,56
2025-07-26,D01,Night,8,8,64
2025-07-26,D02,Day,5,4,32
2025-07-26,D02,Evening,6,6,48
2025-07-26,D02,Night,4,4,32
2025-07-26,D03,Day,8,8,64
2025-07-26,D03,Evening,7,8,64
2025-07-26,D03,Night,6,4,32
2025-07-26,D04,Day,9,9,72
2025-07-26,D04,Evening,6,7,56
2025-07-26,D04,Night,11,11,88
2025-07-26,D05,Day,8,8,64
2025-07-26,D05,Evening,3,3,24
2025-07-26,D05,Night,7,5,40
2025-07-26,D06,Day,5,5,40
2025-07-26,D06,Evening,5,5,40
2025-07-26,D06,Night,5,3,24
2025-07-27,D01,Day,9,9,72
2025-07-27,D01,Evening,8,6,48
2025-07-27,D01,Night,7,7,56
2025-07-27,D02,Day,7,6,48
2025-07-27,D02,Evening,6,4,32
2025-07-27,D02,Night,4,2,16
2025-07-27,D03,Day,6,7,56
2025-07-27,D03,Evening,6,6,48
2025-07-27,D03,Night,6,4,32
2025-07-27,D04,Day,8,8,64
2025-07-27,D04,Evening,9,9,72
2025-07-27,D04,Night,9,10,80
2025-07-27,D05,Day,5,6,48
2025-07-27,D05,Evening,5,5,40
2025-07-27,D05,Night,5,6,48
2025-07-27,D06,Day,4,3,24
2025-07-27,D06,Evening,5,4,32
2025-07-27,D06,Night,3,3,24
2025-07-28,D01,Day,11,11,88
2025-07-28,D01,Evening,7,7,56
2025-07-28,D01,Night,10,10,80
2025-07-28,D02,Day,5,4,32
2025-07-28,D02,Evening,2,2,16
2025-07-28,D02,Night,4,4,32
2025-07-28,D03,Day,5,6,48
2025-07-28,D03,Evening,5,4,32
2025-07-28,D03,Night,7,6,48
2025-07-28,D04,Day,8,7,56
2025-07-28,D04,Evening,6,5,40
2025-07-28,D04,Night,9,8,64
2025-07-28,D05,Day,5,5,40
2025-07-28,D05,Evening,5,6,48
2025-07-28,D05,Night,2,2,16
2025-07-28,D06,Day,6,5,40
2025-07-28,D06,Evening,3,4,32
2025-07-28,D06,Night,4,4,32
2025-07-29,D01,Day,10,11,88
2025-07-29,D01,Evening,8,9,72
2025-07-29,D01,Night,9,9,72
2025-07-29,D02,Day,3,2,16
2025-07-29,D02,Evening,6,6,48
2025-07-29,D02,Night,7,5,40
2025-07-29,D03,Day,7,7,56
2025-07-29,D03,Evening,6,7,56
2025-07-29,D03,Night,9,8,64
2025-07-29,D04,Day,8,8,64
2025-07-29,D04,Evening,9,9,72
2025-07-29,D04,Night,7,6,48
2025-07-29,D05,Day,5,4,32
2025-07-29,D05,Evening,5,5,40
2025-07-29,D05,Night,8,8,64
2025-07-29,D06,Day,4,3,24
2025-07-29,D06,Evening,6,5,40
2025-07-29,D06,Night,5,5,40
2025-07-30,D01,Day,10,10,80
2025-07-30,D01,Evening,9,8,64
2025-07-30,D01,Night,8,8,64
2025-07-30,D02,Day,6,5,40
2025-07-30,D02,Evening,9,10,80
2025-07-30,D02,Night,5,5,40
2025-07-30,D03,Day,6,7,56
2025-07-30,D03,Evening,7,7,56
2025-07-30,D03,Night,4,4,32
2025-07-30,D04,Day,9,10,80
2025-07-30,D04,Evening,9,9,72
2025-07-30,D04,Night,9,7,56
2025-07-30,D05,Day,5,5,40
2025-07-30,D05,Evening,3,1,8
2025-07-30,D05,Night,5,3,24
2025-07-30,D06,Day,5,4,32
2025-07-30,D06,Evening,9,7,56
2025-07-30,D06,Night,7,7,56
2025-07-31,D01,Day,8,6,48
2025-07-31,D01,Evening,9,9,72
2025-07-31,D01,Night,8,7,56
2025-07-31,D02,Day,5,3,24
2025-07-31,D02,Evening,5,5,40
2025-07-31,D02,Night,6,7,56
2025-07-31,D03,Day,6,6,48
2025-07-31,D03,Evening,5,5,40
2025-07-31,D03,Night,5,6,48
2025-07-31,D04,Day,6,6,48
2025-07-31,D04,Evening,7,7,56
2025-07-31,D04,Night,8,8,64
2025-07-31,D05,Day,6,7,56
2025-07-31,D05,Evening,6,6,48
2025-07-31,D05,Night,6,6,48
2025-07-31,D06,Day,4,5,40
2025-07-31,D06,Evening,7,6,48
2025-07-31,D06,Night,5,5,40
2025-08-01,D01,Day,6,6,48
2025-08-01,D01,Evening,12,12,96
2025-08-01,D01,Night,8,9,72
2025-08-01,D02,Day,4,5,40
2025-08-01,D02,Evening,5,3,24
2025-08-01,D02,Night,4,4,32
2025-08-01,D03,Day,3,3,24
2025-08-01,D03,Evening,6,4,32
2025-08-01,D03,Night,6,6,48
2025-08-01,D04,Day,7,8,64
2025-08-01,D04,Evening,6,6,48
2025-08-01,D04,Night,6,7,56
2025-08-01,D05,Day,3,3,24
2025-08-01,D05,Evening,7,6,48
2025-08-01,D05,Night,5,5,40
2025-08-01,D06,Day,3,1,8
2025-08-01,D06,Evening,5,4,32
2025-08-01,D06,Night,5,6,48
2025-08-02,D01,Day,9,9,72
2025-08-02,D01,Evening,9,8,64
2025-08-02,D01,Night,8,9,72
2025-08-02,D02,Day,6,5,40
2025-08-02,D02,Evening,5,4,32
2025-08-02,D02,Night,7,6,48
2025-08-02,D03,Day,5,6,48
2025-08-02,D03,Evening,5,5,40
2025-08-02,D03,Night,5,6,48
2025-08-02,D04,Day,6,6,48
2025-08-02,D04,Evening,7,7,56
2025-08-02,D04,Night,9,9,72
2025-08-02,D05,Day,6,7,56
2025-08-02,D05,Evening,6,6,48
2025-08-02,D05,Night,8,8,64
2025-08-02,D06,Day,3,2,16
2025-08-02,D06,Evening,4,4,32
2025-08-02,D06,Night,4,3,24
2025-08-03,D01,Day,7,5,40
2025-08-03,D01,Evening,7,6,48
2025-08-03,D01,Night,6,6,48
2025-08-03,D02,Day,6,6,48
2025-08-03,D02,Evening,6,7,56
2025-08-03,D02,Night,5,5,40
2025-08-03,D03,Day,8,8,64
2025-08-03,D03,Evening,8,8,64
2025-08-03,D03,Night,8,6,48
2025-08-03,D04,Day,7,6,48
2025-08-03,D04,Evening,9,7,56
2025-08-03,D04,Night,8,8,64
2025-08-03,D05,Day,5,6,48
2025-08-03,D05,Evening,6,6,48
2025-08-03,D05,Night,4,4,32
2025-08-03,D06,Day,4,2,16
2025-08-03,D06,Evening,4,4,32
2025-08-03,D06,Night,5,5,40
2025-08-04,D01,Day,10,11,88
2025-08-04,D01,Evening,8,7,56
2025-08-04,D01,Night,7,6,48
2025-08-04,D02,Day,5,5,40
2025-08-04,D02,Evening,4,4,32
2025-08-04,D02,Night,6,6,48
2025-08-04,D03,Day,5,6,48
2025-08-04,D03,Evening,7,7,56
2025-08-04,D03,Night,5,5,40
2025-08-04,D04,Day,7,8,64
2025-08-04,D04,Evening,7,8,64
2025-08-04,D04,Night,11,9,72
2025-08-04,D05,Day,6,5,40
2025-08-04,D05,Evening,2,2,16
2025-08-04,D05,Night,5,5,40
2025-08-04,D06,Day,5,5,40
2025-08-04,D06,Evening,7,8,64
2025-08-04,D06,Night,3,4,32
2025-08-05,D01,Day,11,11,88
2025-08-05,D01,Evening,9,9,72
2025-08-05,D01,Night,9,7,56
2025-08-05,D02,Day,5,5,40
2025-08-05,D02,Evening,7,7,56
2025-08-05,D02,Night,4,4,32
2025-08-05,D03,Day,4,4,32
2025-08-05,D03,Evening,6,6,48
2025-08-05,D03,Night,5,5,40
2025-08-05,D04,Day,8,7,56
2025-08-05,D04,Evening,11,11,88
2025-08-05,D04,Night,6,6,48
2025-08-05,D05,Day,3,2,16
2025-08-05,D05,Evening,4,4,32
2025-08-05,D05,Night,6,4,32
2025-08-05,D06,Day,5,5,40
2025-08-05,D06,Evening,2,3,24
2025-08-05,D06,Night,8,8,64
2025-08-06,D01,Day,11,11,88
2025-08-06,D01,Evening,10,10,80
2025-08-06,D01,Night,7,7,56
2025-08-06,D02,Day,3,3,24
2025-08-06,D02,Evening,8,6,48
2025-08-06,D02,Night,4,3,24
2025-08-06,D03,Day,7,7,56
2025-08-06,D03,Evening,4,4,32
2025-08-06,D03,Night,5,6,48
2025-08-06,D04,Day,7,5,40
2025-08-06,D04,Evening,8,8,64
2025-08-06,D04,Night,6,7,56
2025-08-06,D05,Day,5,5,40
2025-08-06,D05,Evening,5,6,48
2025-08-06,D05,Night,4,3,24
2025-08-06,D06,Day,2,2,16
2025-08-06,D06,Evening,6,6,48
2025-08-06,D06,Night,3,1,8
2025-08-07,D01,Day,6,5,40
2025-08-07,D01,Evening,9,9,72
2025-08-07,D01,Night,8,9,72
2025-08-07,D02,Day,4,3,24
2025-08-07,D02,Evening,9,10,80
2025-08-07,D02,Night,7,7,56
2025-08-07,D03,Day,4,2,16
2025-08-07,D03,Evening,5,3,24
2025-08-07,D03,Night,3,1,8
2025-08-07,D04,Day,6,5,40
2025-08-07,D04,Evening,8,7,56
2025-08-07,D04,Night,8,6,48
2025-08-07,D05,Day,8,7,56
2025-08-07,D05,Evening,5,6,48
2025-08-07,D05,Night,6,7,56
2025-08-07,D06,Day,5,5,40
2025-08-07,D06,Evening,3,3,24
2025-08-07,D06,Night,3,4,32
2025-08-08,D01,Day,8,7,56
2025-08-08,D01,Evening,9,10,80
2025-08-08,D01,Night,7,7,56
2025-08-08,D02,Day,5,4,32
2025-08-08,D02,Evening,6,5,40
2025-08-08,D02,Night,3,4,32
2025-08-08,D03,Day,4,4,32
2025-08-08,D03,Evening,7,5,40
2025-08-08,D03,Night,5,5,40
2025-08-08,D04,Day,5,4,32
2025-08-08,D04,Evening,6,5,40
2025-08-08,D04,Night,7,6,48
2025-08-08,D05,Day,6,5,40
2025-08-08,D05,Evening,3,4,32
2025-08-08,D05,Night,9,9,72
2025-08-08,D06,Day,3,2,16
2025-08-08,D06,Evening,7,7,56
2025-08-08,D06,Night,5,5,40
2025-08-09,D01,Day,8,8,64
2025-08-09,D01,Evening,7,8,64
2025-08-09,D01,Night,10,10,80
2025-08-09,D02,Day,3,3,24
2025-08-09,D02,Evening,7,6,48
2025-08-09,D02,Night,6,6,48
2025-08-09,D03,Day,6,6,48
2025-08-09,D03,Evening,4,4,32
2025-08-09,D03,Night,4,3,24
2025-08-09,D04,Day,7,7,56
2025-08-09,D04,Evening,9,10,80
2025-08-09,D04,Night,6,6,48
2025-08-09,D05,Day,9,9,72
2025-08-09,D05,Evening,5,6,48
2025-08-09,D05,Night,6,6,48
2025-08-09,D06,Day,4,3,24
2025-08-09,D06,Evening,8,8,64
2025-08-09,D06,Night,4,4,32
2025-08-10,D01,Day,10,10,80
2025-08-10,D01,Evening,9,8,64
2025-08-10,D01,Night,7,5,40
2025-08-10,D02,Day,4,5,40
2025-08-10,D02,Evening,4,4,32
2025-08-10,D02,Night,6,6,48
2025-08-10,D03,Day,6,5,40
2025-08-10,D03,Evening,4,5,40
2025-08-10,D03,Night,4,2,16
2025-08-10,D04,Day,8,6,48
2025-08-10,D04,Evening,9,9,72
2025-08-10,D04,Night,8,8,64
2025-08-10,D05,Day,3,1,8
2025-08-10,D05,Evening,4,4,32
2025-08-10,D05,Night,5,6,48
2025-08-10,D06,Day,6,7,56
2025-08-10,D06,Evening,2,1,8
2025-08-10,D06,Night,5,5,40
2025-08-11,D01,Day,8,8,64
2025-08-11,D01,Evening,10,10,80
2025-08-11,D01,Night,9,7,56
2025-08-11,D02,Day,5,4,32
2025-08-11,D02,Evening,3,3,24
2025-08-11,D02,Night,5,5,40
2025-08-11,D03,Day,5,3,24
2025-08-11,D03,Evening,8,8,64
2025-08-11,D03,Night,9,9,72
2025-08-11,D04,Day,9,9,72
2025-08-11,D04,Evening,6,7,56
2025-08-11,D04,Night,7,8,64
2025-08-11,D05,Day,8,6,48
2025-08-11,D05,Evening,3,2,16
2025-08-11,D05,Night,6,5,40
2025-08-11,D06,Day,2,3,24
2025-08-11,D06,Evening,4,4,32
2025-08-11,D06,Night,4,2,16
2025-08-12,D01,Day,10,8,64
2025-08-12,D01,Evening,9,9,72
2025-08-12,D01,Night,10,11,88
2025-08-12,D02,Day,6,6,48
2025-08-12,D02,Evening,7,7,56
2025-08-12,D02,Night,3,1,8
2025-08-12,D03,Day,6,5,40
2025-08-12,D03,Evening,7,8,64
2025-08-12,D03,Night,4,2,16
2025-08-12,D04,Day,8,8,64
2025-08-12,D04,Evening,8,8,64
2025-08-12,D04,Night,6,6,48
2025-08-12,D05,Day,3,3,24
2025-08-12,D05,Evening,7,7,56
2025-08-12,D05,Night,7,7,56
2025-08-12,D06,Day,6,5,40
2025-08-12,D06,Evening,5,5,40
2025-08-12,D06,Night,10,9,72
2025-08-13,D01,Day,9,10,80
2025-08-13,D01,Evening,5,6,48
2025-08-13,D01,Night,9,8,64
2025-08-13,D02,Day,7,5,40
2025-08-13,D02,Evening,4,2,16
2025-08-13,D02,Night,6,6,48
2025-08-13,D03,Day,5,4,32
2025-08-13,D03,Evening,5,5,40
2025-08-13,D03,Night,7,7,56
2025-08-13,D04,Day,7,7,56
2025-08-13,D04,Evening,7,7,56
2025-08-13,D04,Night,7,7,56
2025-08-13,D05,Day,7,7,56
2025-08-13,D05,Evening,4,3,24
2025-08-13,D05,Night,4,4,32
2025-08-13,D06,Day,5,5,40
2025-08-13,D06,Evening,5,4,32
2025-08-13,D06,Night,5,6,48
2025-08-14,D01,Day,9,9,72
2025-08-14,D01,Evening,7,6,48
2025-08-14,D01,Night,11,9,72
2025-08-14,D02,Day,6,6,48
2025-08-14,D02,Evening,7,7,56
2025-08-14,D02,Night,7,7,56
2025-08-14,D03,Day,4,5,40
2025-08-14,D03,Evening,3,1,8
2025-08-14,D03,Night,4,4,32
2025-08-14,D04,Day,8,9,72
2025-08-14,D04,Evening,9,8,64
2025-08-14,D04,Night,8,6,48
2025-08-14,D05,Day,5,6,48
2025-08-14,D05,Evening,7,5,40
2025-08-14,D05,Night,3,3,24
2025-08-14,D06,Day,7,5,40
2025-08-14,D06,Evening,5,5,40
2025-08-14,D06,Night,3,4,32
2025-08-15,D01,Day,9,7,56
2025-08-15,D01,Evening,8,8,64
2025-08-15,D01,Night,9,9,72
2025-08-15,D02,Day,4,4,32
2025-08-15,D02,Evening,3,3,24
2025-08-15,D02,Night,8,9,72
2025-08-15,D03,Day,5,6,48
2025-08-15,D03,Evening,5,5,40
2025-08-15,D03,Night,5,4,32
2025-08-15,D04,Day,4,4,32
2025-08-15,D04,Evening,9,9,72
2025-08-15,D04,Night,10,8,64
2025-08-15,D05,Day,5,5,40
2025-08-15,D05,Evening,5,6,48
2025-08-15,D05,Night,3,2,16
2025-08-15,D06,Day,5,5,40
2025-08-15,D06,Evening,5,5,40
2025-08-15,D06,Night,5,5,40
2025-08-16,D01,Day,6,6,48
2025-08-16,D01,Evening,5,6,48
2025-08-16,D01,Night,9,9,72
2025-08-16,D02,Day,3,3,24
2025-08-16,D02,Evening,5,5,40
2025-08-16,D02,Night,4,4,32
2025-08-16,D03,Day,9,10,80
2025-08-16,D03,Evening,8,9,72
2025-08-16,D03,Night,5,4,32
2025-08-16,D04,Day,6,6,48
2025-08-16,D04,Evening,7,5,40
2025-08-16,D04,Night,8,8,64
2025-08-16,D05,Day,4,5,40
2025-08-16,D05,Evening,7,8,64
2025-08-16,D05,Night,6,6,48
2025-08-16,D06,Day,6,7,56
2025-08-16,D06,Evening,3,3,24
2025-08-16,D06,Night,6,5,40
2025-08-17,D01,Day,7,7,56
2025-08-17,D01,Evening,8,8,64
2025-08-17,D01,Night,8,8,64
2025-08-17,D02,Day,7,7,56
2025-08-17,D02,Evening,7,6,48
2025-08-17,D02,Night,8,7,56
2025-08-17,D03,Day,6,6,48
2025-08-17,D03,Evening,5,3,24
2025-08-17,D03,Night,3,3,24
2025-08-17,D04,Day,7,6,48
2025-08-17,D04,Evening,6,5,40
2025-08-17,D04,Night,8,9,72
2025-08-17,D05,Day,5,5,40
2025-08-17,D05,Evening,7,7,56
2025-08-17,D05,Night,7,8,64
2025-08-17,D06,Day,6,7,56
2025-08-17,D06,Evening,6,5,40
2025-08-17,D06,Night,4,3,24
2025-08-18,D01,Day,8,8,64
2025-08-18,D01,Evening,8,8,64
2025-08-18,D01,Night,8,8,64
2025-08-18,D02,Day,7,7,56
2025-08-18,D02,Evening,6,6,48
2025-08-18,D02,Night,5,5,40
2025-08-18,D03,Day,6,6,48
2025-08-18,D03,Evening,5,4,32
2025-08-18,D03,Night,3,3,24
2025-08-18,D04,Day,7,6,48
2025-08-18,D04,Evening,6,4,32
2025-08-18,D04,Night,9,9,72
2025-08-18,D05,Day,6,6,48
2025-08-18,D05,Evening,6,6,48
2025-08-18,D05,Night,4,5,40
2025-08-18,D06,Day,3,3,24
2025-08-18,D06,Evening,3,1,8
2025-08-18,D06,Night,7,5,40
2025-08-19,D01,Day,8,6,48
2025-08-19,D01,Evening,9,7,56
2025-08-19,D01,Night,8,8,64
2025-08-19,D02,Day,4,4,32
2025-08-19,D02,Evening,5,5,40
2025-08-19,D02,Night,8,8,64
2025-08-19,D03,Day,5,5,40
2025-08-19,D03,Evening,6,5,40
2025-08-19,D03,Night,5,5,40
2025-08-19,D04,Day,9,9,72
2025-08-19,D04,Evening,6,6,48
2025-08-19,D04,Night,7,5,40
2025-08-19,D05,Day,4,4,32
2025-08-19,D05,Evening,5,3,24
2025-08-19,D05,Night,6,5,40
2025-08-19,D06,Day,5,4,32
2025-08-19,D06,Evening,2,2,16
2025-08-19,D06,Night,4,2,16
2025-08-20,D01,Day,9,7,56
2025-08-20,D01,Evening,8,6,48
2025-08-20,D01,Night,7,6,48
2025-08-20,D02,Day,6,6,48
2025-08-20,D02,Evening,8,8,64
2025-08-20,D02,Night,6,6,48
2025-08-20,D03,Day,6,6,48
2025-08-20,D03,Evening,6,5,40
2025-08-20,D03,Night,6,6,48
2025-08-20,D04,Day,8,8,64
2025-08-20,D04,Evening,7,7,56
2025-08-20,D04,Night,7,7,56
2025-08-20,D05,Day,7,5,40
2025-08-20,D05,Evening,7,7,56
2025-08-20,D05,Night,7,7,56
2025-08-20,D06,Day,4,2,16
2025-08-20,D06,Evening,7,6,48
2025-08-20,D06,Night,5,5,40
2025-08-21,D01,Day,6,6,48
2025-08-21,D01,Evening,10,11,88
2025-08-21,D01,Night,10,10,80
2025-08-21,D02,Day,5,6,48
2025-08-21,D02,Evening,5,5,40
2025-08-21,D02,Night,5,5,40
2025-08-21,D03,Day,6,4,32
2025-08-21,D03,Evening,2,2,16
2025-08-21,D03,Night,4,4,32
2025-08-21,D04,Day,8,8,64
2025-08-21,D04,Evening,6,6,48
2025-08-21,D04,Night,10,9,72
2025-08-21,D05,Day,6,6,48
2025-08-21,D05,Evening,7,8,64
2025-08-21,D05,Night,5,4,32
2025-08-21,D06,Day,2,1,8
2025-08-21,D06,Evening,7,7,56
2025-08-21,D06,Night,4,5,40
2025-08-22,D01,Day,8,8,64
2025-08-22,D01,Evening,10,11,88
2025-08-22,D01,Night,8,8,64
2025-08-22,D02,Day,7,5,40
2025-08-22,D02,Evening,6,6,48
2025-08-22,D02,Night,6,6,48
2025-08-22,D03,Day,6,6,48
2025-08-22,D03,Evening,3,2,16
2025-08-22,D03,Night,5,3,24
2025-08-22,D04,Day,7,7,56
2025-08-22,D04,Evening,4,2,16
2025-08-22,D04,Night,9,10,80
2025-08-22,D05,Day,4,2,16
2025-08-22,D05,Evening,6,6,48
2025-08-22,D05,Night,4,4,32
2025-08-22,D06,Day,7,7,56
2025-08-22,D06,Evening,4,4,32
2025-08-22,D06,Night,2,2,16
2025-08-23,D01,Day,10,10,80
2025-08-23,D01,Evening,9,10,80
2025-08-23,D01,Night,8,6,48
2025-08-23,D02,Day,6,6,48
2025-08-23,D02,Evening,6,4,32
2025-08-23,D02,Night,5,3,24
2025-08-23,D03,Day,8,8,64
2025-08-23,D03,Evening,6,6,48
2025-08-23,D03,Night,6,4,32
2025-08-23,D04,Day,7,7,56
2025-08-23,D04,Evening,5,5,40
2025-08-23,D04,Night,7,5,40
2025-08-23,D05,Day,5,5,40
2025-08-23,D05,Evening,8,7,56
2025-08-23,D05,Night,6,6,48
2025-08-23,D06,Day,6,5,40
2025-08-23,D06,Evening,4,4,32
2025-08-23,D06,Night,4,4,32
2025-08-24,D01,Day,9,10,80
2025-08-24,D01,Evening,8,7,56
2025-08-24,D01,Night,9,8,64
2025-08-24,D02,Day,4,4,32
2025-08-24,D02,Evening,4,4,32
2025-08-24,D02,Night,6,4,32
2025-08-24,D03,Day,5,3,24
2025-08-24,D03,Evening,3,2,16
2025-08-24,D03,Night,4,4,32
2025-08-24,D04,Day,7,7,56
2025-08-24,D04,Evening,7,7,56
2025-08-24,D04,Night,8,7,56
2025-08-24,D05,Day,7,7,56
2025-08-24,D05,Evening,4,4,32
2025-08-24,D05,Night,2,1,8
2025-08-24,D06,Day,5,5,40
2025-08-24,D06,Evening,4,2,16
2025-08-24,D06,Night,3,1,8
2025-08-25,D01,Day,8,8,64
2025-08-25,D01,Evening,10,11,88
2025-08-25,D01,Night,7,7,56
2025-08-25,D02,Day,5,5,40
2025-08-25,D02,Evening,7,7,56
2025-08-25,D02,Night,2,2,16
2025-08-25,D03,Day,4,4,32
2025-08-25,D03,Evening,8,8,64
2025-08-25,D03,Night,6,7,56
2025-08-25,D04,Day,8,9,72
2025-08-25,D04,Evening,7,5,40
2025-08-25,D04,Night,7,7,56
2025-08-25,D05,Day,5,3,24
2025-08-25,D05,Evening,6,6,48
2025-08-25,D05,Night,4,4,32
2025-08-25,D06,Day,4,2,16
2025-08-25,D06,Evening,5,5,40
2025-08-25,D06,Night,2,1,8
2025-08-26,D01,Day,10,10,80
2025-08-26,D01,Evening,8,6,48
2025-08-26,D01,Night,8,8,64
2025-08-26,D02,Day,7,7,56
2025-08-26,D02,Evening,5,5,40
2025-08-26,D02,Night,7,5,40
2025-08-26,D03,Day,7,6,48
2025-08-26,D03,Evening,5,5,40
2025-08-26,D03,Night,4,4,32
2025-08-26,D04,Day,8,6,48
2025-08-26,D04,Evening,8,8,64
2025-08-26,D04,Night,11,12,96
2025-08-26,D05,Day,5,5,40
2025-08-26,D05,Evening,6,5,40
2025-08-26,D05,Night,4,5,40
2025-08-26,D06,Day,2,2,16
2025-08-26,D06,Evening,4,5,40
2025-08-26,D06,Night,4,5,40
2025-08-27,D01,Day,8,7,56
2025-08-27,D01,Evening,9,9,72
2025-08-27,D01,Night,4,5,40
2025-08-27,D02,Day,8,8,64
2025-08-27,D02,Evening,4,3,24
2025-08-27,D02,Night,8,6,48
2025-08-27,D03,Day,3,3,24
2025-08-27,D03,Evening,6,6,48
2025-08-27,D03,Night,6,7,56
2025-08-27,D04,Day,7,7,56
2025-08-27,D04,Evening,6,7,56
2025-08-27,D04,Night,7,7,56
2025-08-27,D05,Day,10,11,88
2025-08-27,D05,Evening,4,3,24
2025-08-27,D05,Night,6,5,40
2025-08-27,D06,Day,4,3,24
2025-08-27,D06,Evening,3,3,24
2025-08-27,D06,Night,7,7,56
2025-08-28,D01,Day,8,8,64
2025-08-28,D01,Evening,5,6,48
2025-08-28,D01,Night,9,7,56
2025-08-28,D02,Day,5,5,40
2025-08-28,D02,Evening,5,5,40
2025-08-28,D02,Night,5,6,48
2025-08-28,D03,Day,6,6,48
2025-08-28,D03,Evening,8,8,64
2025-08-28,D03,Night,4,4,32
2025-08-28,D04,Day,8,6,48
2025-08-28,D04,Evening,6,6,48
2025-08-28,D04,Night,7,8,64
2025-08-28,D05,Day,4,4,32
2025-08-28,D05,Evening,6,6,48
2025-08-28,D05,Night,6,5,40
2025-08-28,D06,Day,7,5,40
2025-08-28,D06,Evening,3,3,24
2025-08-28,D06,Night,5,3,24
2025-08-29,D01,Day,10,9,72
2025-08-29,D01,Evening,7,8,64
2025-08-29,D01,Night,9,8,64
2025-08-29,D02,Day,5,4,32
2025-08-29,D02,Evening,6,4,32
2025-08-29,D02,Night,6,6,48
2025-08-29,D03,Day,5,5,40
2025-08-29,D03,Evening,7,8,64
2025-08-29,D03,Night,4,4,32
2025-08-29,D04,Day,8,8,64
2025-08-29,D04,Evening,6,7,56
2025-08-29,D04,Night,9,8,64
2025-08-29,D05,Day,4,2,16
2025-08-29,D05,Evening,7,8,64
2025-08-29,D05,Night,6,7,56
2025-08-29,D06,Day,7,7,56
2025-08-29,D06,Evening,6,7,56
2025-08-29,D06,Night,3,3,24
2025-08-30,D01,Day,9,7,56
2025-08-30,D01,Evening,8,6,48
2025-08-30,D01,Night,8,8,64
2025-08-30,D02,Day,6,7,56
2025-08-30,D02,Evening,4,5,40
2025-08-30,D02,Night,6,7,56
2025-08-30,D03,Day,6,6,48
2025-08-30,D03,Evening,5,4,32
2025-08-30,D03,Night,4,5,40
2025-08-30,D04,Day,7,6,48
2025-08-30,D04,Evening,7,8,64
2025-08-30,D04,Night,6,7,56
2025-08-30,D05,Day,4,4,32
2025-08-30,D05,Evening,5,5,40
2025-08-30,D05,Night,5,5,40
2025-08-30,D06,Day,6,6,48
2025-08-30,D06,Evening,4,3,24
2025-08-30,D06,Night,3,4,32
2025-08-31,D01,Day,10,8,64
2025-08-31,D01,Evening,8,8,64
2025-08-31,D01,Night,7,8,64
2025-08-31,D02,Day,6,6,48
2025-08-31,D02,Evening,5,3,24
2025-08-31,D02,Night,5,5,40
2025-08-31,D03,Day,7,7,56
2025-08-31,D03,Evening,7,7,56
2025-08-31,D03,Night,6,6,48
2025-08-31,D04,Day,7,7,56
2025-08-31,D04,Evening,6,4,32
2025-08-31,D04,Night,7,8,64
2025-08-31,D05,Day,5,4,32
2025-08-31,D05,Evening,5,4,32
2025-08-31,D05,Night,7,5,40
2025-08-31,D06,Day,6,4,32
2025-08-31,D06,Evening,5,3,24
2025-08-31,D06,Night,3,3,24
2025-09-01,D01,Day,6,4,32
2025-09-01,D01,Evening,8,8,64
2025-09-01,D01,Night,7,7,56
2025-09-01,D02,Day,5,5,40
2025-09-01,D02,Evening,9,8,64
2025-09-01,D02,Night,6,6,48
2025-09-01,D03,Day,6,5,40
2025-09-01,D03,Evening,6,5,40
2025-09-01,D03,Night,5,3,24
2025-09-01,D04,Day,7,7,56
2025-09-01,D04,Evening,9,7,56
2025-09-01,D04,Night,6,4,32
2025-09-01,D05,Day,6,4,32
2025-09-01,D05,Evening,4,2,16
2025-09-01,D05,Night,4,4,32
2025-09-01,D06,Day,3,1,8
2025-09-01,D06,Evening,3,4,32
2025-09-01,D06,Night,4,5,40
2025-09-02,D01,Day,7,8,64
2025-09-02,D01,Evening,10,10,80
2025-09-02,D01,Night,10,8,64
2025-09-02,D02,Day,7,7,56
2025-09-02,D02,Evening,3,4,32
2025-09-02,D02,Night,7,7,56
2025-09-02,D03,Day,4,2,16
2025-09-02,D03,Evening,8,8,64
2025-09-02,D03,Night,6,6,48
2025-09-02,D04,Day,7,7,56
2025-09-02,D04,Evening,9,10,80
2025-09-02,D04,Night,7,6,48
2025-09-02,D05,Day,3,1,8
2025-09-02,D05,Evening,2,1,8
2025-09-02,D05,Night,6,4,32
2025-09-02,D06,Day,3,3,24
2025-09-02,D06,Evening,7,6,48
2025-09-02,D06,Night,6,6,48
2025-09-03,D01,Day,9,9,72
2025-09-03,D01,Evening,8,8,64
2025-09-03,D01,Night,9,9,72
2025-09-03,D02,Day,6,4,32
2025-09-03,D02,Evening,3,3,24
2025-09-03,D02,Night,7,7,56
2025-09-03,D03,Day,5,5,40
2025-09-03,D03,Evening,6,4,32
2025-09-03,D03,Night,3,3,24
2025-09-03,D04,Day,9,9,72
2025-09-03,D04,Evening,7,5,40
2025-09-03,D04,Night,6,4,32
2025-09-03,D05,Day,6,6,48
2025-09-03,D05,Evening,7,7,56
2025-09-03,D05,Night,6,6,48
2025-09-03,D06,Day,5,5,40
2025-09-03,D06,Evening,4,2,16
2025-09-03,D06,Night,4,3,24
2025-09-04,D01,Day,10,10,80
2025-09-04,D01,Evening,8,6,48
2025-09-04,D01,Night,7,8,64
2025-09-04,D02,Day,4,4,32
2025-09-04,D02,Evening,4,3,24
2025-09-04,D02,Night,4,4,32
2025-09-04,D03,Day,6,5,40
2025-09-04,D03,Evening,7,5,40
2025-09-04,D03,Night,6,7,56
2025-09-04,D04,Day,7,5,40
2025-09-04,D04,Evening,8,7,56
2025-09-04,D04,Night,6,4,32
2025-09-04,D05,Day,5,3,24
2025-09-04,D05,Evening,5,6,48
2025-09-04,D05,Night,7,5,40
2025-09-04,D06,Day,5,5,40
2025-09-04,D06,Evening,5,5,40
2025-09-04,D06,Night,4,4,32
2025-09-05,D01,Day,10,10,80
2025-09-05,D01,Evening,9,9,72
2025-09-05,D01,Night,9,9,72
2025-09-05,D02,Day,11,10,80
2025-09-05,D02,Evening,3,3,24
2025-09-05,D02,Night,6,7,56
2025-09-05,D03,Day,8,8,64
2025-09-05,D03,Evening,6,5,40
2025-09-05,D03,Night,6,4,32
2025-09-05,D04,Day,6,6,48
2025-09-05,D04,Evening,9,10,80
2025-09-05,D04,Night,8,9,72
2025-09-05,D05,Day,6,6,48
2025-09-05,D05,Evening,7,7,56
2025-09-05,D05,Night,5,6,48
2025-09-05,D06,Day,4,5,40
2025-09-05,D06,Evening,5,4,32
2025-09-05,D06,Night,4,2,16
2025-09-06,D01,Day,6,6,48
2025-09-06,D01,Evening,11,11,88
2025-09-06,D01,Night,6,4,32
2025-09-06,D02,Day,4,5,40
2025-09-06,D02,Evening,5,6,48
2025-09-06,D02,Night,8,8,64
2025-09-06,D03,Day,7,5,40
2025-09-06,D03,Evening,3,3,24
2025-09-06,D03,Night,5,6,48
2025-09-06,D04,Day,9,9,72
2025-09-06,D04,Evening,9,9,72
2025-09-06,D04,Night,8,9,72
2025-09-06,D05,Day,4,5,40
2025-09-06,D05,Evening,5,5,40
2025-09-06,D05,Night,7,7,56
2025-09-06,D06,Day,5,3,24
2025-09-06,D06,Evening,6,5,40
2025-09-06,D06,Night,3,3,24
2025-09-07,D01,Day,9,9,72
2025-09-07,D01,Evening,6,4,32
2025-09-07,D01,Night,11,11,88
2025-09-07,D02,Day,5,5,40
2025-09-07,D02,Evening,7,7,56
2025-09-07,D02,Night,6,4,32
2025-09-07,D03,Day,8,8,64
2025-09-07,D03,Evening,5,3,24
2025-09-07,D03,Night,6,6,48
2025-09-07,D04,Day,6,5,40
2025-09-07,D04,Evening,9,10,80
2025-09-07,D04,Night,5,5,40
2025-09-07,D05,Day,5,5,40
2025-09-07,D05,Evening,6,5,40
2025-09-07,D05,Night,7,7,56
2025-09-07,D06,Day,8,8,64
2025-09-07,D06,Evening,2,2,16
2025-09-07,D06,Night,4,2,16
2025-09-08,D01,Day,8,8,64
2025-09-08,D01,Evening,8,8,64
2025-09-08,D01,Night,8,8,64
2025-09-08,D02,Day,6,6,48
2025-09-08,D02,Evening,4,4,32
2025-09-08,D02,Night,8,7,56
2025-09-08,D03,Day,5,4,32
2025-09-08,D03,Evening,4,4,32
2025-09-08,D03,Night,6,6,48
2025-09-08,D04,Day,6,7,56
2025-09-08,D04,Evening,6,4,32
2025-09-08,D04,Night,9,9,72
2025-09-08,D05,Day,6,6,48
2025-09-08,D05,Evening,5,4,32
2025-09-08,D05,Night,7,5,40
2025-09-08,D06,Day,4,4,32
2025-09-08,D06,Evening,2,2,16
2025-09-08,D06,Night,4,4,32
2025-09-09,D01,Day,9,9,72
2025-09-09,D01,Evening,8,7,56
2025-09-09,D01,Night,11,10,80
2025-09-09,D02,Day,5,4,32
2025-09-09,D02,Evening,5,4,32
2025-09-09,D02,Night,5,5,40
2025-09-09,D03,Day,6,5,40
2025-09-09,D03,Evening,5,5,40
2025-09-09,D03,Night,4,5,40
2025-09-09,D04,Day,9,9,72
2025-09-09,D04,Evening,8,8,64
2025-09-09,D04,Night,6,4,32
2025-09-09,D05,Day,7,6,48
2025-09-09,D05,Evening,5,6,48
2025-09-09,D05,Night,5,3,24
2025-09-09,D06,Day,4,3,24
2025-09-09,D06,Evening,4,4,32
2025-09-09,D06,Night,4,4,32
2025-09-10,D01,Day,7,5,40
2025-09-10,D01,Evening,9,9,72
2025-09-10,D01,Night,7,7,56
2025-09-10,D02,Day,6,6,48
2025-09-10,D02,Evening,5,4,32
2025-09-10,D02,Night,6,5,40
2025-09-10,D03,Day,2,1,8
2025-09-10,D03,Evening,3,2,16
2025-09-10,D03,Night,6,6,48
2025-09-10,D04,Day,9,7,56
2025-09-10,D04,Evening,11,11,88
2025-09-10,D04,Night,9,9,72
2025-09-10,D05,Day,3,2,16
2025-09-10,D05,Evening,5,4,32
2025-09-10,D05,Night,8,8,64
2025-09-10,D06,Day,6,6,48
2025-09-10,D06,Evening,3,4,32
2025-09-10,D06,Night,7,6,48
2025-09-11,D01,Day,9,9,72
2025-09-11,D01,Evening,9,9,72
2025-09-11,D01,Night,11,12,96
2025-09-11,D02,Day,6,6,48
2025-09-11,D02,Evening,5,3,24
2025-09-11,D02,Night,7,7,56
2025-09-11,D03,Day,3,3,24
2025-09-11,D03,Evening,5,5,40
2025-09-11,D03,Night,4,3,24
2025-09-11,D04,Day,6,6,48
2025-09-11,D04,Evening,7,5,40
2025-09-11,D04,Night,6,6,48
2025-09-11,D05,Day,6,4,32
2025-09-11,D05,Evening,5,5,40
2025-09-11,D05,Night,2,3,24
2025-09-11,D06,Day,4,4,32
2025-09-11,D06,Evening,6,7,56
2025-09-11,D06,Night,5,5,40
2025-09-12,D01,Day,9,9,72
2025-09-12,D01,Evening,10,11,88
2025-09-12,D01,Night,11,9,72
2025-09-12,D02,Day,4,5,40
2025-09-12,D02,Evening,5,6,48
2025-09-12,D02,Night,5,5,40
2025-09-12,D03,Day,5,5,40
2025-09-12,D03,Evening,6,6,48
2025-09-12,D03,Night,8,8,64
2025-09-12,D04,Day,8,8,64
2025-09-12,D04,Evening,9,9,72
2025-09-12,D04,Night,6,4,32
2025-09-12,D05,Day,4,4,32
2025-09-12,D05,Evening,6,7,56
2025-09-12,D05,Night,5,6,48
2025-09-12,D06,Day,6,6,48
2025-09-12,D06,Evening,3,3,24
2025-09-12,D06,Night,2,2,16
2025-09-13,D01,Day,9,9,72
2025-09-13,D01,Evening,9,9,72
2025-09-13,D01,Night,8,8,64
2025-09-13,D02,Day,5,3,24
2025-09-13,D02,Evening,5,4,32
2025-09-13,D02,Night,7,5,40
2025-09-13,D03,Day,4,3,24
2025-09-13,D03,Evening,6,5,40
2025-09-13,D03,Night,5,6,48
2025-09-13,D04,Day,5,5,40
2025-09-13,D04,Evening,6,6,48
2025-09-13,D04,Night,9,8,64
2025-09-13,D05,Day,7,6,48
2025-09-13,D05,Evening,6,6,48
2025-09-13,D05,Night,4,5,40
2025-09-13,D06,Day,8,6,48
2025-09-13,D06,Evening,5,5,40
2025-09-13,D06,Night,5,5,40
2025-09-14,D01,Day,8,6,48
2025-09-14,D01,Evening,7,7,56
2025-09-14,D01,Night,10,10,80
2025-09-14,D02,Day,3,3,24
2025-09-14,D02,Evening,5,5,40
2025-09-14,D02,Night,10,10,80
2025-09-14,D03,Day,2,2,16
2025-09-14,D03,Evening,4,2,16
2025-09-14,D03,Night,9,8,64
2025-09-14,D04,Day,6,6,48
2025-09-14,D04,Evening,7,6,48
2025-09-14,D04,Night,8,6,48
2025-09-14,D05,Day,7,7,56
2025-09-14,D05,Evening,6,7,56
2025-09-14,D05,Night,7,7,56
2025-09-14,D06,Day,5,5,40
2025-09-14,D06,Evening,3,2,16
2025-09-14,D06,Night,6,6,48
2025-09-15,D01,Day,12,12,96
2025-09-15,D01,Evening,9,9,72
2025-09-15,D01,Night,9,10,80
2025-09-15,D02,Day,6,7,56
2025-09-15,D02,Evening,5,4,32
2025-09-15,D02,Night,3,3,24
2025-09-15,D03,Day,5,4,32
2025-09-15,D03,Evening,3,3,24
2025-09-15,D03,Night,5,5,40
2025-09-15,D04,Day,6,6,48
2025-09-15,D04,Evening,10,10,80
2025-09-15,D04,Night,8,8,64
2025-09-15,D05,Day,5,5,40
2025-09-15,D05,Evening,6,4,32
2025-09-15,D05,Night,5,4,32
2025-09-15,D06,Day,4,4,32
2025-09-15,D06,Evening,4,4,32
2025-09-15,D06,Night,6,5,40
2025-09-16,D01,Day,10,9,72
2025-09-16,D01,Evening,9,9,72
2025-09-16,D01,Night,7,6,48
2025-09-16,D02,Day,6,7,56
2025-09-16,D02,Evening,6,6,48
2025-09-16,D02,Night,5,5,40
2025-09-16,D03,Day,5,3,24
2025-09-16,D03,Evening,5,4,32
2025-09-16,D03,Night,5,4,32
2025-09-16,D04,Day,8,8,64
2025-09-16,D04,Evening,7,7,56
2025-09-16,D04,Night,8,8,64
2025-09-16,D05,Day,8,7,56
2025-09-16,D05,Evening,4,4,32
2025-09-16,D05,Night,6,7,56
2025-09-16,D06,Day,5,5,40
2025-09-16,D06,Evening,2,2,16
2025-09-16,D06,Night,5,4,32
2025-09-17,D01,Day,7,7,56
2025-09-17,D01,Evening,7,7,56
2025-09-17,D01,Night,12,10,80
2025-09-17,D02,Day,7,7,56
2025-09-17,D02,Evening,5,5,40
2025-09-17,D02,Night,5,5,40
2025-09-17,D03,Day,6,4,32
2025-09-17,D03,Evening,6,6,48
2025-09-17,D03,Night,7,8,64
2025-09-17,D04,Day,10,10,80
2025-09-17,D04,Evening,9,9,72
2025-09-17,D04,Night,6,7,56
2025-09-17,D05,Day,4,2,16
2025-09-17,D05,Evening,7,6,48
2025-09-17,D05,Night,7,7,56
2025-09-17,D06,Day,7,7,56
2025-09-17,D06,Evening,5,5,40
2025-09-17,D06,Night,2,2,16
2025-09-18,D01,Day,10,11,88
2025-09-18,D01,Evening,7,5,40
2025-09-18,D01,Night,9,10,80
2025-09-18,D02,Day,5,4,32
2025-09-18,D02,Evening,3,2,16
2025-09-18,D02,Night,9,7,56
2025-09-18,D03,Day,4,5,40
2025-09-18,D03,Evening,7,6,48
2025-09-18,D03,Night,6,6,48
2025-09-18,D04,Day,10,9,72
2025-09-18,D04,Evening,8,6,48
2025-09-18,D04,Night,9,10,80
2025-09-18,D05,Day,10,9,72
2025-09-18,D05,Evening,3,3,24
2025-09-18,D05,Night,6,6,48
2025-09-18,D06,Day,3,2,16
2025-09-18,D06,Evening,4,4,32
2025-09-18,D06,Night,3,4,32
2025-09-19,D01,Day,10,10,80
2025-09-19,D01,Evening,10,10,80
2025-09-19,D01,Night,8,6,48
2025-09-19,D02,Day,6,4,32
2025-09-19,D02,Evening,6,5,40
2025-09-19,D02,Night,4,4,32
2025-09-19,D03,Day,9,8,64
2025-09-19,D03,Evening,6,6,48
2025-09-19,D03,Night,4,3,24
2025-09-19,D04,Day,5,4,32
2025-09-19,D04,Evening,6,6,48
2025-09-19,D04,Night,6,6,48
2025-09-19,D05,Day,5,4,32
2025-09-19,D05,Evening,6,6,48
2025-09-19,D05,Night,5,3,24
2025-09-19,D06,Day,6,6,48
2025-09-19,D06,Evening,3,2,16
2025-09-19,D06,Night,3,3,24
2025-09-20,D01,Day,9,9,72
2025-09-20,D01,Evening,10,11,88
2025-09-20,D01,Night,9,9,72
2025-09-20,D02,Day,6,6,48
2025-09-20,D02,Evening,5,4,32
2025-09-20,D02,Night,6,6,48
2025-09-20,D03,Day,6,4,32
2025-09-20,D03,Evening,5,4,32
2025-09-20,D03,Night,6,7,56
2025-09-20,D04,Day,7,6,48
2025-09-20,D04,Evening,5,6,48
2025-09-20,D04,Night,8,8,64
2025-09-20,D05,Day,5,4,32
2025-09-20,D05,Evening,5,5,40
2025-09-20,D05,Night,6,7,56
2025-09-20,D06,Day,5,6,48
2025-09-20,D06,Evening,3,4,32
2025-09-20,D06,Night,5,5,40
2025-09-21,D01,Day,10,10,80
2025-09-21,D01,Evening,9,8,64
2025-09-21,D01,Night,9,9,72
2025-09-21,D02,Day,5,5,40
2025-09-21,D02,Evening,5,3,24
2025-09-21,D02,Night,6,5,40
2025-09-21,D03,Day,6,6,48
2025-09-21,D03,Evening,6,6,48
2025-09-21,D03,Night,3,2,16
2025-09-21,D04,Day,8,8,64
2025-09-21,D04,Evening,7,8,64
2025-09-21,D04,Night,10,10,80
2025-09-21,D05,Day,5,5,40
2025-09-21,D05,Evening,5,5,40
2025-09-21,D05,Night,7,8,64
2025-09-21,D06,Day,5,4,32
2025-09-21,D06,Evening,6,6,48
2025-09-21,D06,Night,5,6,48
2025-09-22,D01,Day,9,10,80
2025-09-22,D01,Evening,6,7,56
2025-09-22,D01,Night,8,8,64
2025-09-22,D02,Day,5,4,32
2025-09-22,D02,Evening,6,6,48
2025-09-22,D02,Night,4,3,24
2025-09-22,D03,Day,6,5,40
2025-09-22,D03,Evening,5,6,48
2025-09-22,D03,Night,4,4,32
2025-09-22,D04,Day,8,8,64
2025-09-22,D04,Evening,7,8,64
2025-09-22,D04,Night,7,8,64
2025-09-22,D05,Day,8,8,64
2025-09-22,D05,Evening,5,5,40
2025-09-22,D05,Night,6,7,56
2025-09-22,D06,Day,4,4,32
2025-09-22,D06,Evening,4,5,40
2025-09-22,D06,Night,5,4,32
2025-09-23,D01,Day,8,8,64
2025-09-23,D01,Evening,8,9,72
2025-09-23,D01,Night,7,7,56
2025-09-23,D02,Day,5,4,32
2025-09-23,D02,Evening,2,1,8
2025-09-23,D02,Night,6,6,48
2025-09-23,D03,Day,4,4,32
2025-09-23,D03,Evening,4,4,32
2025-09-23,D03,Night,7,7,56
2025-09-23,D04,Day,9,9,72
2025-09-23,D04,Evening,7,7,56
2025-09-23,D04,Night,7,5,40
2025-09-23,D05,Day,5,6,48
2025-09-23,D05,Evening,5,3,24
2025-09-23,D05,Night,7,5,40
2025-09-23,D06,Day,6,6,48
2025-09-23,D06,Evening,4,2,16
2025-09-23,D06,Night,3,2,16
2025-09-24,D01,Day,8,8,64
2025-09-24,D01,Evening,9,9,72
2025-09-24,D01,Night,10,8,64
2025-09-24,D02,Day,8,9,72
2025-09-24,D02,Evening,4,4,32
2025-09-24,D02,Night,7,6,48
2025-09-24,D03,Day,7,5,40
2025-09-24,D03,Evening,9,7,56
2025-09-24,D03,Night,5,5,40
2025-09-24,D04,Day,8,8,64
2025-09-24,D04,Evening,8,6,48
2025-09-24,D04,Night,8,9,72
2025-09-24,D05,Day,7,5,40
2025-09-24,D05,Evening,7,7,56
2025-09-24,D05,Night,4,4,32
2025-09-24,D06,Day,4,2,16
2025-09-24,D06,Evening,5,3,24
2025-09-24,D06,Night,5,4,32
2025-09-25,D01,Day,8,9,72
2025-09-25,D01,Evening,10,10,80
2025-09-25,D01,Night,10,9,72
2025-09-25,D02,Day,7,6,48
2025-09-25,D02,Evening,5,5,40
2025-09-25,D02,Night,2,1,8
2025-09-25,D03,Day,5,5,40
2025-09-25,D03,Evening,4,4,32
2025-09-25,D03,Night,6,5,40
2025-09-25,D04,Day,6,6,48
2025-09-25,D04,Evening,11,11,88
2025-09-25,D04,Night,9,8,64
2025-09-25,D05,Day,6,4,32
2025-09-25,D05,Evening,7,7,56
2025-09-25,D05,Night,5,5,40
2025-09-25,D06,Day,4,4,32
2025-09-25,D06,Evening,4,4,32
2025-09-25,D06,Night,4,2,16
2025-09-26,D01,Day,10,8,64
2025-09-26,D01,Evening,7,7,56
2025-09-26,D01,Night,7,7,56
2025-09-26,D02,Day,5,4,32
2025-09-26,D02,Evening,4,2,16
2025-09-26,D02,Night,6,6,48
2025-09-26,D03,Day,5,6,48
2025-09-26,D03,Evening,4,4,32
2025-09-26,D03,Night,7,6,48
2025-09-26,D04,Day,7,7,56
2025-09-26,D04,Evening,6,7,56
2025-09-26,D04,Night,8,9,72
2025-09-26,D05,Day,4,5,40
2025-09-26,D05,Evening,4,5,40
2025-09-26,D05,Night,7,5,40
2025-09-26,D06,Day,6,5,40
2025-09-26,D06,Evening,5,5,40
2025-09-26,D06,Night,6,4,32
2025-09-27,D01,Day,7,5,40
2025-09-27,D01,Evening,8,9,72
2025-09-27,D01,Night,7,7,56
2025-09-27,D02,Day,6,7,56
2025-09-27,D02,Evening,8,9,72
2025-09-27,D02,Night,6,6,48
2025-09-27,D03,Day,7,7,56
2025-09-27,D03,Evening,6,6,48
2025-09-27,D03,Night,5,3,24
2025-09-27,D04,Day,6,6,48
2025-09-27,D04,Evening,8,6,48
2025-09-27,D04,Night,7,5,40
2025-09-27,D05,Day,5,4,32
2025-09-27,D05,Evening,4,2,16
2025-09-27,D05,Night,5,5,40
2025-09-27,D06,Day,3,3,24
2025-09-27,D06,Evening,3,3,24
2025-09-27,D06,Night,5,4,32
2025-09-28,D01,Day,9,10,80
2025-09-28,D01,Evening,11,11,88
2025-09-28,D01,Night,7,7,56
2025-09-28,D02,Day,5,5,40
2025-09-28,D02,Evening,5,5,40
2025-09-28,D02,Night,5,5,40
2025-09-28,D03,Day,4,4,32
2025-09-28,D03,Evening,4,5,40
2025-09-28,D03,Night,8,8,64
2025-09-28,D04,Day,9,9,72
2025-09-28,D04,Evening,8,6,48
2025-09-28,D04,Night,9,9,72
2025-09-28,D05,Day,4,5,40
2025-09-28,D05,Evening,4,5,40
2025-09-28,D05,Night,7,5,40
2025-09-28,D06,Day,7,7,56
2025-09-28,D06,Evening,6,6,48
2025-09-28,D06,Night,7,7,56
2025-09-29,D01,Day,7,7,56
2025-09-29,D01,Evening,7,8,64
2025-09-29,D01,Night,6,7,56
2025-09-29,D02,Day,6,6,48
2025-09-29,D02,Evening,4,5,40
2025-09-29,D02,Night,8,7,56
2025-09-29,D03,Day,5,4,32
2025-09-29,D03,Evening,6,6,48
2025-09-29,D03,Night,9,9,72
2025-09-29,D04,Day,8,8,64
2025-09-29,D04,Evening,5,5,40
2025-09-29,D04,Night,10,9,72
2025-09-29,D05,Day,5,6,48
2025-09-29,D05,Evening,5,5,40
2025-09-29,D05,Night,8,8,64
2025-09-29,D06,Day,8,9,72
2025-09-29,D06,Evening,4,2,16
2025-09-29,D06,Night,4,3,24
2025-09-30,D01,Day,7,5,40
2025-09-30,D01,Evening,9,10,80
2025-09-30,D01,Night,8,9,72
2025-09-30,D02,Day,5,3,24
2025-09-30,D02,Evening,4,4,32
2025-09-30,D02,Night,7,7,56
2025-09-30,D03,Day,8,6,48
2025-09-30,D03,Evening,4,4,32
2025-09-30,D03,Night,6,5,40
2025-09-30,D04,Day,8,8,64
2025-09-30,D04,Evening,9,8,64
2025-09-30,D04,Night,8,9,72
2025-09-30,D05,Day,8,8,64
2025-09-30,D05,Evening,6,5,40
2025-09-30,D05,Night,5,3,24
2025-09-30,D06,Day,5,4,32
2025-09-30,D06,Evening,6,6,48
2025-09-30,D06,Night,3,3,24
2025-10-01,D01,Day,11,9,72
2025-10-01,D01,Evening,7,5,40
2025-10-01,D01,Night,9,9,72
2025-10-01,D02,Day,4,5,40
2025-10-01,D02,Evening,5,5,40
2025-10-01,D02,Night,4,4,32
2025-10-01,D03,Day,5,4,32
2025-10-01,D03,Evening,5,5,40
2025-10-01,D03,Night,5,4,32
2025-10-01,D04,Day,8,9,72
2025-10-01,D04,Evening,9,8,64
2025-10-01,D04,Night,9,9,72
2025-10-01,D05,Day,3,1,8
2025-10-01,D05,Evening,2,2,16
2025-10-01,D05,Night,4,4,32
2025-10-01,D06,Day,4,4,32
2025-10-01,D06,Evening,4,5,40
2025-10-01,D06,Night,3,2,16
2025-10-02,D01,Day,9,10,80
2025-10-02,D01,Evening,7,7,56
2025-10-02,D01,Night,6,6,48
2025-10-02,D02,Day,6,6,48
2025-10-02,D02,Evening,6,6,48
2025-10-02,D02,Night,6,5,40
2025-10-02,D03,Day,7,8,64
2025-10-02,D03,Evening,5,4,32
2025-10-02,D03,Night,6,6,48
2025-10-02,D04,Day,6,6,48
2025-10-02,D04,Evening,7,5,40
2025-10-02,D04,Night,7,8,64
2025-10-02,D05,Day,8,8,64
2025-10-02,D05,Evening,3,4,32
2025-10-02,D05,Night,3,3,24
2025-10-02,D06,Day,3,2,16
2025-10-02,D06,Evening,4,4,32
2025-10-02,D06,Night,6,6,48
2025-10-03,D01,Day,8,6,48
2025-10-03,D01,Evening,7,7,56
2025-10-03,D01,Night,9,9,72
2025-10-03,D02,Day,6,6,48
2025-10-03,D02,Evening,6,5,40
2025-10-03,D02,Night,6,6,48
2025-10-03,D03,Day,5,3,24
2025-10-03,D03,Evening,6,6,48
2025-10-03,D03,Night,3,4,32
2025-10-03,D04,Day,9,10,80
2025-10-03,D04,Evening,6,7,56
2025-10-03,D04,Night,6,5,40
2025-10-03,D05,Day,5,3,24
2025-10-03,D05,Evening,6,7,56
2025-10-03,D05,Night,7,7,56
2025-10-03,D06,Day,6,5,40
2025-10-03,D06,Evening,6,7,56
2025-10-03,D06,Night,3,4,32
2025-10-04,D01,Day,9,9,72
2025-10-04,D01,Evening,11,11,88
2025-10-04,D01,Night,8,8,64
2025-10-04,D02,Day,4,3,24
2025-10-04,D02,Evening,6,7,56
2025-10-04,D02,Night,9,8,64
2025-10-04,D03,Day,3,3,24
2025-10-04,D03,Evening,5,3,24
2025-10-04,D03,Night,6,6,48
2025-10-04,D04,Day,9,8,64
2025-10-04,D04,Evening,8,7,56
2025-10-04,D04,Night,7,5,40
2025-10-04,D05,Day,5,6,48
2025-10-04,D05,Evening,6,6,48
2025-10-04,D05,Night,5,3,24
2025-10-04,D06,Day,5,5,40
2025-10-04,D06,Evening,5,5,40
2025-10-04,D06,Night,2,1,8
2025-10-05,D01,Day,10,8,64
2025-10-05,D01,Evening,9,9,72
2025-10-05,D01,Night,7,5,40
2025-10-05,D02,Day,8,7,56
2025-10-05,D02,Evening,6,6,48
2025-10-05,D02,Night,6,7,56
2025-10-05,D03,Day,6,6,48
2025-10-05,D03,Evening,4,3,24
2025-10-05,D03,Night,4,4,32
2025-10-05,D04,Day,6,7,56
2025-10-05,D04,Evening,8,8,64
2025-10-05,D04,Night,8,8,64
2025-10-05,D05,Day,5,5,40
2025-10-05,D05,Evening,8,7,56
2025-10-05,D05,Night,4,4,32
2025-10-05,D06,Day,6,6,48
2025-10-05,D06,Evening,4,4,32
2025-10-05,D06,Night,3,2,16
2025-10-06,D01,Day,8,8,64
2025-10-06,D01,Evening,8,7,56
2025-10-06,D01,Night,8,6,48
2025-10-06,D02,Day,4,5,40
2025-10-06,D02,Evening,3,1,8
2025-10-06,D02,Night,8,8,64
2025-10-06,D03,Day,4,5,40
2025-10-06,D03,Evening,8,8,64
2025-10-06,D03,Night,6,4,32
2025-10-06,D04,Day,8,8,64
2025-10-06,D04,Evening,9,9,72
2025-10-06,D04,Night,9,9,72
2025-10-06,D05,Day,6,5,40
2025-10-06,D05,Evening,7,8,64
2025-10-06,D05,Night,6,7,56
2025-10-06,D06,Day,2,2,16
2025-10-06,D06,Evening,6,6,48
2025-10-06,D06,Night,3,3,24
2025-10-07,D01,Day,7,5,40
2025-10-07,D01,Evening,9,7,56
2025-10-07,D01,Night,9,10,80
2025-10-07,D02,Day,6,6,48
2025-10-07,D02,Evening,6,6,48
2025-10-07,D02,Night,3,4,32
2025-10-07,D03,Day,6,5,40
2025-10-07,D03,Evening,8,7,56
2025-10-07,D03,Night,6,7,56
2025-10-07,D04,Day,10,11,88
2025-10-07,D04,Evening,9,9,72
2025-10-07,D04,Night,7,7,56
2025-10-07,D05,Day,5,5,40
2025-10-07,D05,Evening,7,8,64
2025-10-07,D05,Night,3,1,8
2025-10-07,D06,Day,5,3,24
2025-10-07,D06,Evening,3,2,16
2025-10-07,D06,Night,4,4,32
2025-10-08,D01,Day,7,7,56
2025-10-08,D01,Evening,11,10,80
2025-10-08,D01,Night,8,6,48
2025-10-08,D02,Day,6,7,56
2025-10-08,D02,Evening,6,6,48
2025-10-08,D02,Night,6,6,48
2025-10-08,D03,Day,9,9,72
2025-10-08,D03,Evening,4,4,32
2025-10-08,D03,Night,4,5,40
2025-10-08,D04,Day,9,9,72
2025-10-08,D04,Evening,6,6,48
2025-10-08,D04,Night,5,5,40
2025-10-08,D05,Day,6,6,48
2025-10-08,D05,Evening,5,5,40
2025-10-08,D05,Night,4,5,40
2025-10-08,D06,Day,3,1,8
2025-10-08,D06,Evening,4,4,32
2025-10-08,D06,Night,5,5,40
2025-10-09,D01,Day,9,10,80
2025-10-09,D01,Evening,9,9,72
2025-10-09,D01,Night,8,8,64
2025-10-09,D02,Day,6,4,32
2025-10-09,D02,Evening,7,6,48
2025-10-09,D02,Night,10,9,72
2025-10-09,D03,Day,4,4,32
2025-10-09,D03,Evening,7,7,56
2025-10-09,D03,Night,6,7,56
2025-10-09,D04,Day,6,6,48
2025-10-09,D04,Evening,7,7,56
2025-10-09,D04,Night,8,8,64
2025-10-09,D05,Day,8,8,64
2025-10-09,D05,Evening,5,4,32
2025-10-09,D05,Night,6,6,48
2025-10-09,D06,Day,6,4,32
2025-10-09,D06,Evening,5,5,40
2025-10-09,D06,Night,6,6,48
2025-10-10,D01,Day,8,6,48
2025-10-10,D01,Evening,11,10,80
2025-10-10,D01,Night,12,11,88
2025-10-10,D02,Day,5,6,48
2025-10-10,D02,Evening,4,4,32
2025-10-10,D02,Night,5,6,48
2025-10-10,D03,Day,5,4,32
2025-10-10,D03,Evening,6,6,48
2025-10-10,D03,Night,5,4,32
2025-10-10,D04,Day,8,6,48
2025-10-10,D04,Evening,9,10,80
2025-10-10,D04,Night,6,4,32
2025-10-10,D05,Day,7,8,64
2025-10-10,D05,Evening,5,4,32
2025-10-10,D05,Night,5,3,24
2025-10-10,D06,Day,8,7,56
2025-10-10,D06,Evening,4,5,40
2025-10-10,D06,Night,3,3,24
2025-10-11,D01,Day,7,7,56
2025-10-11,D01,Evening,9,10,80
2025-10-11,D01,Night,8,8,64
2025-10-11,D02,Day,6,6,48
2025-10-11,D02,Evening,7,5,40
2025-10-11,D02,Night,5,4,32
2025-10-11,D03,Day,4,5,40
2025-10-11,D03,Evening,6,7,56
2025-10-11,D03,Night,4,4,32
2025-10-11,D04,Day,7,7,56
2025-10-11,D04,Evening,5,3,24
2025-10-11,D04,Night,9,9,72
2025-10-11,D05,Day,5,5,40
2025-10-11,D05,Evening,5,5,40
2025-10-11,D05,Night,6,5,40
2025-10-11,D06,Day,3,3,24
2025-10-11,D06,Evening,4,5,40
2025-10-11,D06,Night,4,4,32
2025-10-12,D01,Day,8,8,64
2025-10-12,D01,Evening,6,6,48
2025-10-12,D01,Night,9,8,64
2025-10-12,D02,Day,3,2,16
2025-10-12,D02,Evening,7,7,56
2025-10-12,D02,Night,7,5,40
2025-10-12,D03,Day,4,3,24
2025-10-12,D03,Evening,5,5,40
2025-10-12,D03,Night,6,6,48
2025-10-12,D04,Day,8,9,72
2025-10-12,D04,Evening,9,9,72
2025-10-12,D04,Night,9,9,72
2025-10-12,D05,Day,7,6,48
2025-10-12,D05,Evening,2,2,16
2025-10-12,D05,Night,7,7,56
2025-10-12,D06,Day,3,2,16
2025-10-12,D06,Evening,5,6,48
2025-10-12,D06,Night,6,7,56
2025-10-13,D01,Day,8,7,56
2025-10-13,D01,Evening,4,3,24
2025-10-13,D01,Night,10,8,64
2025-10-13,D02,Day,5,6,48
2025-10-13,D02,Evening,6,6,48
2025-10-13,D02,Night,6,4,32
2025-10-13,D03,Day,7,6,48
2025-10-13,D03,Evening,7,7,56
2025-10-13,D03,Night,6,5,40
2025-10-13,D04,Day,6,7,56
2025-10-13,D04,Evening,9,9,72
2025-10-13,D04,Night,9,7,56
2025-10-13,D05,Day,5,5,40
2025-10-13,D05,Evening,5,3,24
2025-10-13,D05,Night,6,6,48
2025-10-13,D06,Day,5,6,48
2025-10-13,D06,Evening,5,5,40
2025-10-13,D06,Night,3,3,24
2025-10-14,D01,Day,8,8,64
2025-10-14,D01,Evening,9,8,64
2025-10-14,D01,Night,9,7,56
2025-10-14,D02,Day,3,4,32
2025-10-14,D02,Evening,4,4,32
2025-10-14,D02,Night,3,2,16
2025-10-14,D03,Day,4,4,32
2025-10-14,D03,Evening,4,2,16
2025-10-14,D03,Night,5,5,40
2025-10-14,D04,Day,7,7,56
2025-10-14,D04,Evening,9,10,80
2025-10-14,D04,Night,8,7,56
2025-10-14,D05,Day,6,6,48
2025-10-14,D05,Evening,5,5,40
2025-10-14,D05,Night,5,5,40
2025-10-14,D06,Day,4,2,16
2025-10-14,D06,Evening,2,2,16
2025-10-14,D06,Night,4,4,32
2025-10-15,D01,Day,9,10,80
2025-10-15,D01,Evening,10,8,64
2025-10-15,D01,Night,6,6,48
2025-10-15,D02,Day,5,3,24
2025-10-15,D02,Evening,5,5,40
2025-10-15,D02,Night,7,7,56
2025-10-15,D03,Day,7,8,64
2025-10-15,D03,Evening,5,6,48
2025-10-15,D03,Night,6,6,48
2025-10-15,D04,Day,6,6,48
2025-10-15,D04,Evening,10,10,80
2025-10-15,D04,Night,9,9,72
2025-10-15,D05,Day,4,2,16
2025-10-15,D05,Evening,6,4,32
2025-10-15,D05,Night,5,5,40
2025-10-15,D06,Day,4,4,32
2025-10-15,D06,Evening,3,3,24
2025-10-15,D06,Night,4,4,32
2025-10-16,D01,Day,9,9,72
2025-10-16,D01,Evening,7,5,40
2025-10-16,D01,Night,8,8,64
2025-10-16,D02,Day,7,5,40
2025-10-16,D02,Evening,2,2,16
2025-10-16,D02,Night,5,5,40
2025-10-16,D03,Day,4,4,32
2025-10-16,D03,Evening,5,4,32
2025-10-16,D03,Night,7,7,56
2025-10-16,D04,Day,10,9,72
2025-10-16,D04,Evening,6,4,32
2025-10-16,D04,Night,8,8,64
2025-10-16,D05,Day,2,3,24
2025-10-16,D05,Evening,7,7,56
2025-10-16,D05,Night,5,6,48
2025-10-16,D06,Day,5,5,40
2025-10-16,D06,Evening,3,4,32
2025-10-16,D06,Night,4,4,32
2025-10-17,D01,Day,12,12,96
2025-10-17,D01,Evening,8,7,56
2025-10-17,D01,Night,8,7,56
2025-10-17,D02,Day,3,3,24
2025-10-17,D02,Evening,4,2,16
2025-10-17,D02,Night,4,4,32
2025-10-17,D03,Day,3,1,8
2025-10-17,D03,Evening,5,4,32
2025-10-17,D03,Night,6,6,48
2025-10-17,D04,Day,9,7,56
2025-10-17,D04,Evening,8,8,64
2025-10-17,D04,Night,7,7,56
2025-10-17,D05,Day,5,4,32
2025-10-17,D05,Evening,4,2,16
2025-10-17,D05,Night,7,7,56
2025-10-17,D06,Day,6,6,48
2025-10-17,D06,Evening,5,6,48
2025-10-17,D06,Night,3,4,32
2025-10-18,D01,Day,6,7,56
2025-10-18,D01,Evening,10,8,64
2025-10-18,D01,Night,11,11,88
2025-10-18,D02,Day,8,8,64
2025-10-18,D02,Evening,3,3,24
2025-10-18,D02,Night,7,5,40
2025-10-18,D03,Day,4,4,32
2025-10-18,D03,Evening,7,7,56
2025-10-18,D03,Night,6,5,40
2025-10-18,D04,Day,9,9,72
2025-10-18,D04,Evening,7,7,56
2025-10-18,D04,Night,8,8,64
2025-10-18,D05,Day,6,6,48
2025-10-18,D05,Evening,5,5,40
2025-10-18,D05,Night,7,8,64
2025-10-18,D06,Day,4,4,32
2025-10-18,D06,Evening,5,5,40
2025-10-18,D06,Night,4,5,40
2025-10-19,D01,Day,8,8,64
2025-10-19,D01,Evening,9,8,64
2025-10-19,D01,Night,10,9,72
2025-10-19,D02,Day,8,7,56
2025-10-19,D02,Evening,6,5,40
2025-10-19,D02,Night,4,4,32
2025-10-19,D03,Day,3,1,8
2025-10-19,D03,Evening,4,4,32
2025-10-19,D03,Night,4,2,16
2025-10-19,D04,Day,7,7,56
2025-10-19,D04,Evening,7,7,56
2025-10-19,D04,Night,8,8,64
2025-10-19,D05,Day,4,2,16
2025-10-19,D05,Evening,6,7,56
2025-10-19,D05,Night,6,4,32
2025-10-19,D06,Day,2,2,16
2025-10-19,D06,Evening,2,2,16
2025-10-19,D06,Night,5,5,40
2025-10-20,D01,Day,11,10,80
2025-10-20,D01,Evening,7,7,56
2025-10-20,D01,Night,7,5,40
2025-10-20,D02,Day,6,6,48
2025-10-20,D02,Evening,6,6,48
2025-10-20,D02,Night,4,4,32
2025-10-20,D03,Day,5,5,40
2025-10-20,D03,Evening,6,6,48
2025-10-20,D03,Night,7,6,48
2025-10-20,D04,Day,6,6,48
2025-10-20,D04,Evening,9,9,72
2025-10-20,D04,Night,6,6,48
2025-10-20,D05,Day,7,7,56
2025-10-20,D05,Evening,8,8,64
2025-10-20,D05,Night,6,7,56
2025-10-20,D06,Day,7,7,56
2025-10-20,D06,Evening,2,1,8
2025-10-20,D06,Night,3,3,24
2025-10-21,D01,Day,6,6,48
2025-10-21,D01,Evening,11,10,80
2025-10-21,D01,Night,9,9,72
2025-10-21,D02,Day,4,2,16
2025-10-21,D02,Evening,4,3,24
2025-10-21,D02,Night,5,3,24
2025-10-21,D03,Day,2,2,16
2025-10-21,D03,Evening,6,7,56
2025-10-21,D03,Night,7,7,56
2025-10-21,D04,Day,4,2,16
2025-10-21,D04,Evening,8,9,72
2025-10-21,D04,Night,6,7,56
2025-10-21,D05,Day,5,6,48
2025-10-21,D05,Evening,4,3,24
2025-10-21,D05,Night,6,6,48
2025-10-21,D06,Day,4,4,32
2025-10-21,D06,Evening,2,2,16
2025-10-21,D06,Night,3,3,24
2025-10-22,D01,Day,9,9,72
2025-10-22,D01,Evening,6,6,48
2025-10-22,D01,Night,6,7,56
2025-10-22,D02,Day,7,8,64
2025-10-22,D02,Evening,3,4,32
2025-10-22,D02,Night,3,3,24
2025-10-22,D03,Day,8,9,72
2025-10-22,D03,Evening,6,7,56
2025-10-22,D03,Night,6,4,32
2025-10-22,D04,Day,7,7,56
2025-10-22,D04,Evening,9,9,72
2025-10-22,D04,Night,8,8,64
2025-10-22,D05,Day,6,6,48
2025-10-22,D05,Evening,4,3,24
2025-10-22,D05,Night,6,6,48
2025-10-22,D06,Day,6,6,48
2025-10-22,D06,Evening,4,5,40
2025-10-22,D06,Night,2,1,8
2025-10-23,D01,Day,9,9,72
2025-10-23,D01,Evening,12,10,80
2025-10-23,D01,Night,7,7,56
2025-10-23,D02,Day,4,5,40
2025-10-23,D02,Evening,7,7,56
2025-10-23,D02,Night,4,3,24
2025-10-23,D03,Day,5,5,40
2025-10-23,D03,Evening,7,7,56
2025-10-23,D03,Night,8,9,72
2025-10-23,D04,Day,12,10,80
2025-10-23,D04,Evening,7,8,64
2025-10-23,D04,Night,7,7,56
2025-10-23,D05,Day,6,5,40
2025-10-23,D05,Evening,7,7,56
2025-10-23,D05,Night,6,4,32
2025-10-23,D06,Day,4,3,24
2025-10-23,D06,Evening,5,6,48
2025-10-23,D06,Night,3,3,24
2025-10-24,D01,Day,6,6,48
2025-10-24,D01,Evening,10,9,72
2025-10-24,D01,Night,8,7,56
2025-10-24,D02,Day,5,5,40
2025-10-24,D02,Evening,6,6,48
2025-10-24,D02,Night,2,1,8
2025-10-24,D03,Day,5,5,40
2025-10-24,D03,Evening,3,3,24
2025-10-24,D03,Night,2,1,8
2025-10-24,D04,Day,7,6,48
2025-10-24,D04,Evening,12,12,96
2025-10-24,D04,Night,9,9,72
2025-10-24,D05,Day,7,5,40
2025-10-24,D05,Evening,3,1,8
2025-10-24,D05,Night,7,8,64
2025-10-24,D06,Day,4,4,32
2025-10-24,D06,Evening,3,2,16
2025-10-24,D06,Night,5,5,40
2025-10-25,D01,Day,7,6,48
2025-10-25,D01,Evening,9,9,72
2025-10-25,D01,Night,8,6,48
2025-10-25,D02,Day,4,3,24
2025-10-25,D02,Evening,5,5,40
2025-10-25,D02,Night,4,2,16
2025-10-25,D03,Day,5,5,40
2025-10-25,D03,Evening,3,4,32
2025-10-25,D03,Night,6,5,40
2025-10-25,D04,Day,6,4,32
2025-10-25,D04,Evening,9,8,64
2025-10-25,D04,Night,6,6,48
2025-10-25,D05,Day,2,2,16
2025-10-25,D05,Evening,6,6,48
2025-10-25,D05,Night,7,7,56
2025-10-25,D06,Day,4,2,16
2025-10-25,D06,Evening,6,6,48
2025-10-25,D06,Night,5,4,32
2025-10-26,D01,Day,9,9,72
2025-10-26,D01,Evening,9,9,72
2025-10-26,D01,Night,7,7,56
2025-10-26,D02,Day,4,3,24
2025-10-26,D02,Evening,6,4,32
2025-10-26,D02,Night,5,5,40
2025-10-26,D03,Day,4,5,40
2025-10-26,D03,Evening,6,7,56
2025-10-26,D03,Night,5,6,48
2025-10-26,D04,Day,5,5,40
2025-10-26,D04,Evening,9,7,56
2025-10-26,D04,Night,7,8,64
2025-10-26,D05,Day,5,5,40
2025-10-26,D05,Evening,5,3,24
2025-10-26,D05,Night,4,3,24
2025-10-26,D06,Day,4,4,32
2025-10-26,D06,Evening,3,3,24
2025-10-26,D06,Night,3,2,16
2025-10-27,D01,Day,9,7,56
2025-10-27,D01,Evening,6,6,48
2025-10-27,D01,Night,5,5,40
2025-10-27,D02,Day,4,4,32
2025-10-27,D02,Evening,6,5,40
2025-10-27,D02,Night,3,3,24
2025-10-27,D03,Day,7,8,64
2025-10-27,D03,Evening,4,4,32
2025-10-27,D03,Night,7,7,56
2025-10-27,D04,Day,7,6,48
2025-10-27,D04,Evening,7,6,48
2025-10-27,D04,Night,6,6,48
2025-10-27,D05,Day,8,8,64
2025-10-27,D05,Evening,4,3,24
2025-10-27,D05,Night,4,4,32
2025-10-27,D06,Day,3,3,24
2025-10-27,D06,Evening,6,6,48
2025-10-27,D06,Night,3,3,24
2025-10-28,D01,Day,7,5,40
2025-10-28,D01,Evening,9,10,80
2025-10-28,D01,Night,7,7,56
2025-10-28,D02,Day,6,6,48
2025-10-28,D02,Evening,3,3,24
2025-10-28,D02,Night,4,2,16
2025-10-28,D03,Day,6,5,40
2025-10-28,D03,Evening,8,8,64
2025-10-28,D03,Night,4,2,16
2025-10-28,D04,Day,7,7,56
2025-10-28,D04,Evening,7,7,56
2025-10-28,D04,Night,7,7,56
2025-10-28,D05,Day,4,5,40
2025-10-28,D05,Evening,5,5,40
2025-10-28,D05,Night,5,4,32
2025-10-28,D06,Day,2,2,16
2025-10-28,D06,Evening,4,2,16
2025-10-28,D06,Night,2,1,8
2025-10-29,D01,Day,8,8,64
2025-10-29,D01,Evening,8,8,64
2025-10-29,D01,Night,8,8,64
2025-10-29,D02,Day,2,2,16
2025-10-29,D02,Evening,3,3,24
2025-10-29,D02,Night,4,4,32
2025-10-29,D03,Day,5,5,40
2025-10-29,D03,Evening,5,3,24
2025-10-29,D03,Night,6,6,48
2025-10-29,D04,Day,7,7,56
2025-10-29,D04,Evening,8,8,64
2025-10-29,D04,Night,5,5,40
2025-10-29,D05,Day,7,8,64
2025-10-29,D05,Evening,6,6,48
2025-10-29,D05,Night,7,6,48
2025-10-29,D06,Day,7,5,40
2025-10-29,D06,Evening,4,5,40
2025-10-29,D06,Night,5,5,40
2025-10-30,D01,Day,7,7,56
2025-10-30,D01,Evening,11,10,80
2025-10-30,D01,Night,10,10,80
2025-10-30,D02,Day,5,3,24
2025-10-30,D02,Evening,9,9,72
2025-10-30,D02,Night,6,4,32
2025-10-30,D03,Day,6,4,32
2025-10-30,D03,Evening,6,6,48
2025-10-30,D03,Night,6,4,32
2025-10-30,D04,Day,8,8,64
2025-10-30,D04,Evening,7,7,56
2025-10-30,D04,Night,8,8,64
2025-10-30,D05,Day,4,4,32
2025-10-30,D05,Evening,4,5,40
2025-10-30,D05,Night,6,4,32
2025-10-30,D06,Day,5,3,24
2025-10-30,D06,Evening,6,4,32
2025-10-30,D06,Night,4,4,32
2025-10-31,D01,Day,9,9,72
2025-10-31,D01,Evening,7,7,56
2025-10-31,D01,Night,9,9,72
2025-10-31,D02,Day,6,6,48
2025-10-31,D02,Evening,5,6,48
2025-10-31,D02,Night,5,3,24
2025-10-31,D03,Day,5,5,40
2025-10-31,D03,Evening,5,5,40
2025-10-31,D03,Night,5,4,32
2025-10-31,D04,Day,12,11,88
2025-10-31,D04,Evening,5,5,40
2025-10-31,D04,Night,8,8,64
2025-10-31,D05,Day,5,4,32
2025-10-31,D05,Evening,7,8,64
2025-10-31,D05,Night,6,7,56
2025-10-31,D06,Day,3,3,24
2025-10-31,D06,Evening,5,6,48
2025-10-31,D06,Night,5,5,40
2025-11-01,D01,Day,11,11,88
2025-11-01,D01,Evening,9,7,56
2025-11-01,D01,Night,10,10,80
2025-11-01,D02,Day,5,4,32
2025-11-01,D02,Evening,5,4,32
2025-11-01,D02,Night,8,8,64
2025-11-01,D03,Day,7,5,40
2025-11-01,D03,Evening,6,5,40
2025-11-01,D03,Night,4,4,32
2025-11-01,D04,Day,7,5,40
2025-11-01,D04,Evening,9,9,72
2025-11-01,D04,Night,6,5,40
2025-11-01,D05,Day,5,6,48
2025-11-01,D05,Evening,3,1,8
2025-11-01,D05,Night,7,6,48
2025-11-01,D06,Day,6,7,56
2025-11-01,D06,Evening,4,4,32
2025-11-01,D06,Night,4,5,40
2025-11-02,D01,Day,6,4,32
2025-11-02,D01,Evening,7,8,64
2025-11-02,D01,Night,10,10,80
2025-11-02,D02,Day,8,9,72
2025-11-02,D02,Evening,5,5,40
2025-11-02,D02,Night,6,7,56
2025-11-02,D03,Day,5,5,40
2025-11-02,D03,Evening,2,2,16
2025-11-02,D03,Night,5,5,40
2025-11-02,D04,Day,7,7,56
2025-11-02,D04,Evening,8,8,64
2025-11-02,D04,Night,6,6,48
2025-11-02,D05,Day,6,6,48
2025-11-02,D05,Evening,6,6,48
2025-11-02,D05,Night,7,8,64
2025-11-02,D06,Day,4,5,40
2025-11-02,D06,Evening,6,6,48
2025-11-02,D06,Night,5,5,40
2025-11-03,D01,Day,9,10,80
2025-11-03,D01,Evening,8,7,56
2025-11-03,D01,Night,7,5,40
2025-11-03,D02,Day,7,8,64
2025-11-03,D02,Evening,5,5,40
2025-11-03,D02,Night,5,5,40
2025-11-03,D03,Day,5,5,40
2025-11-03,D03,Evening,6,6,48
2025-11-03,D03,Night,6,4,32
2025-11-03,D04,Day,7,7,56
2025-11-03,D04,Evening,10,9,72
2025-11-03,D04,Night,11,12,96
2025-11-03,D05,Day,3,3,24
2025-11-03,D05,Evening,5,4,32
2025-11-03,D05,Night,4,3,24
2025-11-03,D06,Day,5,3,24
2025-11-03,D06,Evening,4,5,40
2025-11-03,D06,Night,7,7,56
2025-11-04,D01,Day,9,9,72
2025-11-04,D01,Evening,7,5,40
2025-11-04,D01,Night,10,10,80
2025-11-04,D02,Day,5,4,32
2025-11-04,D02,Evening,7,7,56
2025-11-04,D02,Night,7,7,56
2025-11-04,D03,Day,4,3,24
2025-11-04,D03,Evening,5,3,24
2025-11-04,D03,Night,5,5,40
2025-11-04,D04,Day,7,6,48
2025-11-04,D04,Evening,7,5,40
2025-11-04,D04,Night,7,7,56
2025-11-04,D05,Day,6,6,48
2025-11-04,D05,Evening,5,4,32
2025-11-04,D05,Night,5,4,32
2025-11-04,D06,Day,4,3,24
2025-11-04,D06,Evening,6,7,56
2025-11-04,D06,Night,4,4,32
2025-11-05,D01,Day,7,8,64
2025-11-05,D01,Evening,9,9,72
2025-11-05,D01,Night,8,9,72
2025-11-05,D02,Day,7,6,48
2025-11-05,D02,Evening,6,6,48
2025-11-05,D02,Night,6,5,40
2025-11-05,D03,Day,4,4,32
2025-11-05,D03,Evening,3,3,24
2025-11-05,D03,Night,5,5,40
2025-11-05,D04,Day,9,9,72
2025-11-05,D04,Evening,10,10,80
2025-11-05,D04,Night,7,6,48
2025-11-05,D05,Day,3,3,24
2025-11-05,D05,Evening,5,6,48
2025-11-05,D05,Night,7,5,40
2025-11-05,D06,Day,3,4,32
2025-11-05,D06,Evening,7,8,64
2025-11-05,D06,Night,5,5,40
2025-11-06,D01,Day,7,7,56
2025-11-06,D01,Evening,6,5,40
2025-11-06,D01,Night,8,8,64
2025-11-06,D02,Day,8,8,64
2025-11-06,D02,Evening,6,6,48
2025-11-06,D02,Night,6,4,32
2025-11-06,D03,Day,9,7,56
2025-11-06,D03,Evening,5,5,40
2025-11-06,D03,Night,5,3,24
2025-11-06,D04,Day,8,9,72
2025-11-06,D04,Evening,7,8,64
2025-11-06,D04,Night,8,8,64
2025-11-06,D05,Day,9,7,56
2025-11-06,D05,Evening,7,6,48
2025-11-06,D05,Night,6,6,48
2025-11-06,D06,Day,4,4,32
2025-11-06,D06,Evening,7,8,64
2025-11-06,D06,Night,6,5,40
2025-11-07,D01,Day,11,11,88
2025-11-07,D01,Evening,10,8,64
2025-11-07,D01,Night,10,9,72
2025-11-07,D02,Day,5,5,40
2025-11-07,D02,Evening,3,1,8
2025-11-07,D02,Night,7,7,56
2025-11-07,D03,Day,5,6,48
2025-11-07,D03,Evening,6,7,56
2025-11-07,D03,Night,5,6,48
2025-11-07,D04,Day,9,9,72
2025-11-07,D04,Evening,8,8,64
2025-11-07,D04,Night,9,7,56
2025-11-07,D05,Day,8,7,56
2025-11-07,D05,Evening,5,5,40
2025-11-07,D05,Night,8,8,64
2025-11-07,D06,Day,3,4,32
2025-11-07,D06,Evening,5,5,40
2025-11-07,D06,Night,5,4,32
2025-11-08,D01,Day,10,11,88
2025-11-08,D01,Evening,7,7,56
2025-11-08,D01,Night,12,12,96
2025-11-08,D02,Day,4,5,40
2025-11-08,D02,Evening,9,9,72
2025-11-08,D02,Night,8,8,64
2025-11-08,D03,Day,7,5,40
2025-11-08,D03,Evening,5,5,40
2025-11-08,D03,Night,8,8,64
2025-11-08,D04,Day,9,9,72
2025-11-08,D04,Evening,6,6,48
2025-11-08,D04,Night,9,8,64
2025-11-08,D05,Day,4,5,40
2025-11-08,D05,Evening,6,5,40
2025-11-08,D05,Night,6,5,40
2025-11-08,D06,Day,5,5,40
2025-11-08,D06,Evening,5,6,48
2025-11-08,D06,Night,3,1,8
2025-11-09,D01,Day,7,6,48
2025-11-09,D01,Evening,8,9,72
2025-11-09,D01,Night,9,9,72
2025-11-09,D02,Day,5,5,40
2025-11-09,D02,Evening,6,7,56
2025-11-09,D02,Night,2,2,16
2025-11-09,D03,Day,7,7,56
2025-11-09,D03,Evening,3,2,16
2025-11-09,D03,Night,5,3,24
2025-11-09,D04,Day,8,6,48
2025-11-09,D04,Evening,8,8,64
2025-11-09,D04,Night,10,11,88
2025-11-09,D05,Day,5,5,40
2025-11-09,D05,Evening,7,5,40
2025-11-09,D05,Night,8,8,64
2025-11-09,D06,Day,7,7,56
2025-11-09,D06,Evening,5,5,40
2025-11-09,D06,Night,5,4,32
2025-11-10,D01,Day,7,5,40
2025-11-10,D01,Evening,9,9,72
2025-11-10,D01,Night,10,9,72
2025-11-10,D02,Day,7,5,40
2025-11-10,D02,Evening,6,6,48
2025-11-10,D02,Night,6,6,48
2025-11-10,D03,Day,6,5,40
2025-11-10,D03,Evening,5,4,32
2025-11-10,D03,Night,7,5,40
2025-11-10,D04,Day,8,9,72
2025-11-10,D04,Evening,9,9,72
2025-11-10,D04,Night,6,7,56
2025-11-10,D05,Day,4,4,32
2025-11-10,D05,Evening,6,6,48
2025-11-10,D05,Night,4,3,24
2025-11-10,D06,Day,3,3,24
2025-11-10,D06,Evening,3,3,24
2025-11-10,D06,Night,7,8,64
2025-11-11,D01,Day,7,7,56
2025-11-11,D01,Evening,8,8,64
2025-11-11,D01,Night,8,9,72
2025-11-11,D02,Day,7,7,56
2025-11-11,D02,Evening,5,3,24
2025-11-11,D02,Night,4,3,24
2025-11-11,D03,Day,4,4,32
2025-11-11,D03,Evening,5,5,40
2025-11-11,D03,Night,4,3,24
2025-11-11,D04,Day,8,6,48
2025-11-11,D04,Evening,11,11,88
2025-11-11,D04,Night,9,9,72
2025-11-11,D05,Day,6,7,56
2025-11-11,D05,Evening,5,6,48
2025-11-11,D05,Night,6,7,56
2025-11-11,D06,Day,5,5,40
2025-11-11,D06,Evening,5,3,24
2025-11-11,D06,Night,7,8,64
2025-11-12,D01,Day,7,5,40
2025-11-12,D01,Evening,10,10,80
2025-11-12,D01,Night,10,9,72
2025-11-12,D02,Day,7,8,64
2025-11-12,D02,Evening,6,6,48
2025-11-12,D02,Night,6,7,56
2025-11-12,D03,Day,8,7,56
2025-11-12,D03,Evening,5,6,48
2025-11-12,D03,Night,9,10,80
2025-11-12,D04,Day,4,2,16
2025-11-12,D04,Evening,6,6,48
2025-11-12,D04,Night,9,8,64
2025-11-12,D05,Day,8,8,64
2025-11-12,D05,Evening,8,8,64
2025-11-12,D05,Night,7,8,64
2025-11-12,D06,Day,9,7,56
2025-11-12,D06,Evening,2,2,16
2025-11-12,D06,Night,4,4,32
2025-11-13,D01,Day,9,7,56
2025-11-13,D01,Evening,9,9,72
2025-11-13,D01,Night,10,10,80
2025-11-13,D02,Day,6,6,48
2025-11-13,D02,Evening,2,3,24
2025-11-13,D02,Night,2,1,8
2025-11-13,D03,Day,7,6,48
2025-11-13,D03,Evening,6,6,48
2025-11-13,D03,Night,8,7,56
2025-11-13,D04,Day,5,5,40
2025-11-13,D04,Evening,8,6,48
2025-11-13,D04,Night,7,5,40
2025-11-13,D05,Day,5,6,48
2025-11-13,D05,Evening,5,4,32
2025-11-13,D05,Night,4,4,32
2025-11-13,D06,Day,6,6,48
2025-11-13,D06,Evening,8,6,48
2025-11-13,D06,Night,8,6,48
2025-11-14,D01,Day,8,8,64
2025-11-14,D01,Evening,8,8,64
2025-11-14,D01,Night,9,10,80
2025-11-14,D02,Day,5,6,48
2025-11-14,D02,Evening,4,2,16
2025-11-14,D02,Night,5,5,40
2025-11-14,D03,Day,7,7,56
2025-11-14,D03,Evening,4,4,32
2025-11-14,D03,Night,5,5,40
2025-11-14,D04,Day,6,4,32
2025-11-14,D04,Evening,7,7,56
2025-11-14,D04,Night,7,7,56
2025-11-14,D05,Day,6,5,40
2025-11-14,D05,Evening,4,5,40
2025-11-14,D05,Night,5,5,40
2025-11-14,D06,Day,5,3,24
2025-11-14,D06,Evening,4,2,16
2025-11-14,D06,Night,8,6,48
2025-11-15,D01,Day,7,5,40
2025-11-15,D01,Evening,8,8,64
2025-11-15,D01,Night,9,9,72
2025-11-15,D02,Day,6,6,48
2025-11-15,D02,Evening,5,6,48
2025-11-15,D02,Night,4,4,32
2025-11-15,D03,Day,6,7,56
2025-11-15,D03,Evening,8,7,56
2025-11-15,D03,Night,6,4,32
2025-11-15,D04,Day,6,6,48
2025-11-15,D04,Evening,9,7,56
2025-11-15,D04,Night,12,12,96
2025-11-15,D05,Day,4,3,24
2025-11-15,D05,Evening,3,4,32
2025-11-15,D05,Night,5,6,48
2025-11-15,D06,Day,7,7,56
2025-11-15,D06,Evening,6,6,48
2025-11-15,D06,Night,5,5,40
2025-11-16,D01,Day,10,10,80
2025-11-16,D01,Evening,10,11,88
2025-11-16,D01,Night,6,6,48
2025-11-16,D02,Day,4,4,32
2025-11-16,D02,Evening,8,8,64
2025-11-16,D02,Night,5,5,40
2025-11-16,D03,Day,5,3,24
2025-11-16,D03,Evening,8,8,64
2025-11-16,D03,Night,5,6,48
2025-11-16,D04,Day,6,6,48
2025-11-16,D04,Evening,6,6,48
2025-11-16,D04,Night,8,8,64
2025-11-16,D05,Day,4,3,24
2025-11-16,D05,Evening,5,4,32
2025-11-16,D05,Night,5,3,24
2025-11-16,D06,Day,5,6,48
2025-11-16,D06,Evening,3,2,16
2025-11-16,D06,Night,3,3,24
2025-11-17,D01,Day,7,7,56
2025-11-17,D01,Evening,8,8,64
2025-11-17,D01,Night,10,9,72
2025-11-17,D02,Day,6,5,40
2025-11-17,D02,Evening,6,6,48
2025-11-17,D02,Night,3,2,16
2025-11-17,D03,Day,5,5,40
2025-11-17,D03,Evening,5,4,32
2025-11-17,D03,Night,6,6,48
2025-11-17,D04,Day,9,9,72
2025-11-17,D04,Evening,8,9,72
2025-11-17,D04,Night,8,8,64
2025-11-17,D05,Day,6,6,48
2025-11-17,D05,Evening,6,6,48
2025-11-17,D05,Night,6,6,48
2025-11-17,D06,Day,3,2,16
2025-11-17,D06,Evening,4,4,32
2025-11-17,D06,Night,3,1,8
2025-11-18,D01,Day,9,7,56
2025-11-18,D01,Evening,8,8,64
2025-11-18,D01,Night,9,9,72
2025-11-18,D02,Day,3,3,24
2025-11-18,D02,Evening,6,6,48
2025-11-18,D02,Night,4,4,32
2025-11-18,D03,Day,5,5,40
2025-11-18,D03,Evening,5,5,40
2025-11-18,D03,Night,5,5,40
2025-11-18,D04,Day,8,8,64
2025-11-18,D04,Evening,8,7,56
2025-11-18,D04,Night,7,7,56
2025-11-18,D05,Day,3,2,16
2025-11-18,D05,Evening,6,6,48
2025-11-18,D05,Night,6,6,48
2025-11-18,D06,Day,6,4,32
2025-11-18,D06,Evening,6,6,48
2025-11-18,D06,Night,3,3,24
2025-11-19,D01,Day,9,9,72
2025-11-19,D01,Evening,8,9,72
2025-11-19,D01,Night,8,7,56
2025-11-19,D02,Day,5,5,40
2025-11-19,D02,Evening,4,4,32
2025-11-19,D02,Night,9,9,72
2025-11-19,D03,Day,4,3,24
2025-11-19,D03,Evening,5,5,40
2025-11-19,D03,Night,7,7,56
2025-11-19,D04,Day,7,7,56
2025-11-19,D04,Evening,7,7,56
2025-11-19,D04,Night,8,8,64
2025-11-19,D05,Day,4,5,40
2025-11-19,D05,Evening,6,5,40
2025-11-19,D05,Night,5,5,40
2025-11-19,D06,Day,2,1,8
2025-11-19,D06,Evening,5,3,24
2025-11-19,D06,Night,2,2,16
2025-11-20,D01,Day,10,9,72
2025-11-20,D01,Evening,9,10,80
2025-11-20,D01,Night,7,8,64
2025-11-20,D02,Day,9,9,72
2025-11-20,D02,Evening,7,7,56
2025-11-20,D02,Night,5,3,24
2025-11-20,D03,Day,3,3,24
2025-11-20,D03,Evening,10,11,88
2025-11-20,D03,Night,7,8,64
2025-11-20,D04,Day,10,9,72
2025-11-20,D04,Evening,8,8,64
2025-11-20,D04,Night,8,8,64
2025-11-20,D05,Day,4,4,32
2025-11-20,D05,Evening,6,6,48
2025-11-20,D05,Night,3,3,24
2025-11-20,D06,Day,5,6,48
2025-11-20,D06,Evening,5,6,48
2025-11-20,D06,Night,7,7,56
2025-11-21,D01,Day,10,11,88
2025-11-21,D01,Evening,8,6,48
2025-11-21,D01,Night,11,11,88
2025-11-21,D02,Day,6,5,40
2025-11-21,D02,Evening,6,6,48
2025-11-21,D02,Night,7,7,56
2025-11-21,D03,Day,7,6,48
2025-11-21,D03,Evening,4,3,24
2025-11-21,D03,Night,7,7,56
2025-11-21,D04,Day,7,6,48
2025-11-21,D04,Evening,6,5,40
2025-11-21,D04,Night,6,7,56
2025-11-21,D05,Day,5,6,48
2025-11-21,D05,Evening,4,4,32
2025-11-21,D05,Night,8,9,72
2025-11-21,D06,Day,4,3,24
2025-11-21,D06,Evening,5,5,40
2025-11-21,D06,Night,2,1,8
2025-11-22,D01,Day,7,5,40
2025-11-22,D01,Evening,10,10,80
2025-11-22,D01,Night,9,9,72
2025-11-22,D02,Day,4,4,32
2025-11-22,D02,Evening,7,7,56
2025-11-22,D02,Night,6,5,40
2025-11-22,D03,Day,4,5,40
2025-11-22,D03,Evening,8,9,72
2025-11-22,D03,Night,4,4,32
2025-11-22,D04,Day,7,7,56
2025-11-22,D04,Evening,5,3,24
2025-11-22,D04,Night,6,7,56
2025-11-22,D05,Day,8,7,56
2025-11-22,D05,Evening,5,5,40
2025-11-22,D05,Night,6,6,48
2025-11-22,D06,Day,7,5,40
2025-11-22,D06,Evening,4,4,32
2025-11-22,D06,Night,6,7,56
2025-11-23,D01,Day,9,9,72
2025-11-23,D01,Evening,10,8,64
2025-11-23,D01,Night,8,8,64
2025-11-23,D02,Day,7,7,56
2025-11-23,D02,Evening,7,6,48
2025-11-23,D02,Night,4,5,40
2025-11-23,D03,Day,6,6,48
2025-11-23,D03,Evening,5,5,40
2025-11-23,D03,Night,6,4,32
2025-11-23,D04,Day,8,6,48
2025-11-23,D04,Evening,8,8,64
2025-11-23,D04,Night,6,6,48
2025-11-23,D05,Day,5,3,24
2025-11-23,D05,Evening,7,7,56
2025-11-23,D05,Night,6,6,48
2025-11-23,D06,Day,5,4,32
2025-11-23,D06,Evening,6,4,32
2025-11-23,D06,Night,7,7,56
2025-11-24,D01,Day,8,8,64
2025-11-24,D01,Evening,6,5,40
2025-11-24,D01,Night,11,11,88
2025-11-24,D02,Day,7,6,48
2025-11-24,D02,Evening,4,4,32
2025-11-24,D02,Night,3,3,24
2025-11-24,D03,Day,5,5,40
2025-11-24,D03,Evening,3,1,8
2025-11-24,D03,Night,6,7,56
2025-11-24,D04,Day,8,8,64
2025-11-24,D04,Evening,9,9,72
2025-11-24,D04,Night,8,6,48
2025-11-24,D05,Day,8,8,64
2025-11-24,D05,Evening,7,5,40
2025-11-24,D05,Night,6,6,48
2025-11-24,D06,Day,4,4,32
2025-11-24,D06,Evening,5,5,40
2025-11-24,D06,Night,6,7,56
2025-11-25,D01,Day,6,6,48
2025-11-25,D01,Evening,9,9,72
2025-11-25,D01,Night,9,7,56
2025-11-25,D02,Day,5,4,32
2025-11-25,D02,Evening,6,5,40
2025-11-25,D02,Night,8,8,64
2025-11-25,D03,Day,7,7,56
2025-11-25,D03,Evening,5,5,40
2025-11-25,D03,Night,6,6,48
2025-11-25,D04,Day,4,4,32
2025-11-25,D04,Evening,6,6,48
2025-11-25,D04,Night,6,4,32
2025-11-25,D05,Day,5,4,32
2025-11-25,D05,Evening,5,3,24
2025-11-25,D05,Night,6,4,32
2025-11-25,D06,Day,4,3,24
2025-11-25,D06,Evening,6,6,48
2025-11-25,D06,Night,6,5,40
2025-11-26,D01,Day,6,6,48
2025-11-26,D01,Evening,6,7,56
2025-11-26,D01,Night,8,6,48
2025-11-26,D02,Day,7,5,40
2025-11-26,D02,Evening,3,4,32
2025-11-26,D02,Night,6,6,48
2025-11-26,D03,Day,7,6,48
2025-11-26,D03,Evening,6,6,48
2025-11-26,D03,Night,3,4,32
2025-11-26,D04,Day,8,8,64
2025-11-26,D04,Evening,5,5,40
2025-11-26,D04,Night,9,8,64
2025-11-26,D05,Day,7,6,48
2025-11-26,D05,Evening,4,4,32
2025-11-26,D05,Night,3,1,8
2025-11-26,D06,Day,6,6,48
2025-11-26,D06,Evening,3,4,32
2025-11-26,D06,Night,2,2,16
2025-11-27,D01,Day,7,7,56
2025-11-27,D01,Evening,11,11,88
2025-11-27,D01,Night,10,10,80
2025-11-27,D02,Day,5,5,40
2025-11-27,D02,Evening,5,5,40
2025-11-27,D02,Night,6,6,48
2025-11-27,D03,Day,5,4,32
2025-11-27,D03,Evening,8,8,64
2025-11-27,D03,Night,6,7,56
2025-11-27,D04,Day,7,7,56
2025-11-27,D04,Evening,4,3,24
2025-11-27,D04,Night,5,4,32
2025-11-27,D05,Day,4,2,16
2025-11-27,D05,Evening,6,4,32
2025-11-27,D05,Night,4,2,16
2025-11-27,D06,Day,6,5,40
2025-11-27,D06,Evening,5,5,40
2025-11-27,D06,Night,4,4,32
2025-11-28,D01,Day,10,10,80
2025-11-28,D01,Evening,9,9,72
2025-11-28,D01,Night,8,6,48
2025-11-28,D02,Day,8,8,64
2025-11-28,D02,Evening,2,2,16
2025-11-28,D02,Night,7,6,48
2025-11-28,D03,Day,6,6,48
2025-11-28,D03,Evening,6,7,56
2025-11-28,D03,Night,4,4,32
2025-11-28,D04,Day,5,5,40
2025-11-28,D04,Evening,9,7,56
2025-11-28,D04,Night,6,5,40
2025-11-28,D05,Day,6,6,48
2025-11-28,D05,Evening,4,3,24
2025-11-28,D05,Night,8,9,72
2025-11-28,D06,Day,6,7,56
2025-11-28,D06,Evening,4,5,40
2025-11-28,D06,Night,4,4,32
2025-11-29,D01,Day,7,8,64
2025-11-29,D01,Evening,7,5,40
2025-11-29,D01,Night,9,10,80
2025-11-29,D02,Day,5,5,40
2025-11-29,D02,Evening,5,3,24
2025-11-29,D02,Night,5,5,40
2025-11-29,D03,Day,4,2,16
2025-11-29,D03,Evening,3,1,8
2025-11-29,D03,Night,6,5,40
2025-11-29,D04,Day,4,4,32
2025-11-29,D04,Evening,7,5,40
2025-11-29,D04,Night,8,8,64
2025-11-29,D05,Day,4,3,24
2025-11-29,D05,Evening,4,4,32
2025-11-29,D05,Night,5,6,48
2025-11-29,D06,Day,3,3,24
2025-11-29,D06,Evening,9,9,72
2025-11-29,D06,Night,6,6,48
2025-11-30,D01,Day,14,15,120
2025-11-30,D01,Evening,9,9,72
2025-11-30,D01,Night,7,7,56
2025-11-30,D02,Day,2,3,24
2025-11-30,D02,Evening,5,6,48
2025-11-30,D02,Night,8,6,48
2025-11-30,D03,Day,6,4,32
2025-11-30,D03,Evening,6,6,48
2025-11-30,D03,Night,5,3,24
2025-11-30,D04,Day,9,8,64
2025-11-30,D04,Evening,8,8,64
2025-11-30,D04,Night,6,7,56
2025-11-30,D05,Day,6,6,48
2025-11-30,D05,Evening,5,5,40
2025-11-30,D05,Night,5,5,40
2025-11-30,D06,Day,4,3,24
2025-11-30,D06,Evening,5,4,32
2025-11-30,D06,Night,4,5,40
2025-12-01,D01,Day,8,7,56
2025-12-01,D01,Evening,7,7,56
2025-12-01,D01,Night,9,9,72
2025-12-01,D02,Day,8,8,64
2025-12-01,D02,Evening,7,6,48
2025-12-01,D02,Night,4,4,32
2025-12-01,D03,Day,3,4,32
2025-12-01,D03,Evening,4,3,24
2025-12-01,D03,Night,6,6,48
2025-12-01,D04,Day,10,10,80
2025-12-01,D04,Evening,9,7,56
2025-12-01,D04,Night,6,6,48
2025-12-01,D05,Day,7,6,48
2025-12-01,D05,Evening,8,8,64
2025-12-01,D05,Night,6,4,32
2025-12-01,D06,Day,6,6,48
2025-12-01,D06,Evening,2,1,8
2025-12-01,D06,Night,3,1,8
2025-12-02,D01,Day,8,8,64
2025-12-02,D01,Evening,9,9,72
2025-12-02,D01,Night,11,10,80
2025-12-02,D02,Day,5,5,40
2025-12-02,D02,Evening,6,5,40
2025-12-02,D02,Night,8,9,72
2025-12-02,D03,Day,5,4,32
2025-12-02,D03,Evening,6,4,32
2025-12-02,D03,Night,5,3,24
2025-12-02,D04,Day,9,9,72
2025-12-02,D04,Evening,7,7,56
2025-12-02,D04,Night,9,9,72
2025-12-02,D05,Day,2,2,16
2025-12-02,D05,Evening,6,6,48
2025-12-02,D05,Night,5,3,24
2025-12-02,D06,Day,5,3,24
2025-12-02,D06,Evening,5,5,40
2025-12-02,D06,Night,4,4,32
2025-12-03,D01,Day,7,8,64
2025-12-03,D01,Evening,9,8,64
2025-12-03,D01,Night,5,5,40
2025-12-03,D02,Day,5,3,24
2025-12-03,D02,Evening,6,7,56
2025-12-03,D02,Night,3,3,24
2025-12-03,D03,Day,6,7,56
2025-12-03,D03,Evening,9,9,72
2025-12-03,D03,Night,3,1,8
2025-12-03,D04,Day,7,5,40
2025-12-03,D04,Evening,8,7,56
2025-12-03,D04,Night,6,5,40
2025-12-03,D05,Day,7,6,48
2025-12-03,D05,Evening,8,8,64
2025-12-03,D05,Night,4,5,40
2025-12-03,D06,Day,5,4,32
2025-12-03,D06,Evening,5,5,40
2025-12-03,D06,Night,5,5,40
2025-12-04,D01,Day,10,8,64
2025-12-04,D01,Evening,8,9,72
2025-12-04,D01,Night,7,6,48
2025-12-04,D02,Day,4,4,32
2025-12-04,D02,Evening,6,7,56
2025-12-04,D02,Night,6,6,48
2025-12-04,D03,Day,5,3,24
2025-12-04,D03,Evening,6,6,48
2025-12-04,D03,Night,8,8,64
2025-12-04,D04,Day,8,8,64
2025-12-04,D04,Evening,8,8,64
2025-12-04,D04,Night,7,6,48
2025-12-04,D05,Day,2,1,8
2025-12-04,D05,Evening,5,4,32
2025-12-04,D05,Night,7,6,48
2025-12-04,D06,Day,5,5,40
2025-12-04,D06,Evening,5,6,48
2025-12-04,D06,Night,6,6,48
2025-12-05,D01,Day,7,7,56
2025-12-05,D01,Evening,10,9,72
2025-12-05,D01,Night,7,8,64
2025-12-05,D02,Day,6,6,48
2025-12-05,D02,Evening,7,6,48
2025-12-05,D02,Night,5,4,32
2025-12-05,D03,Day,5,6,48
2025-12-05,D03,Evening,5,5,40
2025-12-05,D03,Night,8,8,64
2025-12-05,D04,Day,8,8,64
2025-12-05,D04,Evening,8,9,72
2025-12-05,D04,Night,8,9,72
2025-12-05,D05,Day,5,4,32
2025-12-05,D05,Evening,5,6,48
2025-12-05,D05,Night,4,3,24
2025-12-05,D06,Day,3,3,24
2025-12-05,D06,Evening,5,5,40
2025-12-05,D06,Night,5,5,40
2025-12-06,D01,Day,8,8,64
2025-12-06,D01,Evening,7,7,56
2025-12-06,D01,Night,8,8,64
2025-12-06,D02,Day,4,4,32
2025-12-06,D02,Evening,5,5,40
2025-12-06,D02,Night,7,7,56
2025-12-06,D03,Day,5,5,40
2025-12-06,D03,Evening,5,6,48
2025-12-06,D03,Night,7,7,56
2025-12-06,D04,Day,9,9,72
2025-12-06,D04,Evening,10,9,72
2025-12-06,D04,Night,8,8,64
2025-12-06,D05,Day,7,7,56
2025-12-06,D05,Evening,6,6,48
2025-12-06,D05,Night,9,10,80
2025-12-06,D06,Day,3,1,8
2025-12-06,D06,Evening,6,4,32
2025-12-06,D06,Night,6,6,48
2025-12-07,D01,Day,8,7,56
2025-12-07,D01,Evening,4,4,32
2025-12-07,D01,Night,6,6,48
2025-12-07,D02,Day,7,8,64
2025-12-07,D02,Evening,9,9,72
2025-12-07,D02,Night,5,3,24
2025-12-07,D03,Day,7,7,56
2025-12-07,D03,Evening,9,7,56
2025-12-07,D03,Night,6,5,40
2025-12-07,D04,Day,7,6,48
2025-12-07,D04,Evening,6,5,40
2025-12-07,D04,Night,7,8,64
2025-12-07,D05,Day,4,2,16
2025-12-07,D05,Evening,7,7,56
2025-12-07,D05,Night,8,7,56
2025-12-07,D06,Day,5,5,40
2025-12-07,D06,Evening,5,5,40
2025-12-07,D06,Night,5,4,32
2025-12-08,D01,Day,11,11,88
2025-12-08,D01,Evening,8,8,64
2025-12-08,D01,Night,8,8,64
2025-12-08,D02,Day,6,4,32
2025-12-08,D02,Evening,5,6,48
2025-12-08,D02,Night,3,3,24
2025-12-08,D03,Day,4,4,32
2025-12-08,D03,Evening,5,5,40
2025-12-08,D03,Night,4,4,32
2025-12-08,D04,Day,7,7,56
2025-12-08,D04,Evening,7,7,56
2025-12-08,D04,Night,9,9,72
2025-12-08,D05,Day,3,1,8
2025-12-08,D05,Evening,5,6,48
2025-12-08,D05,Night,3,3,24
2025-12-08,D06,Day,4,3,24
2025-12-08,D06,Evening,7,5,40
2025-12-08,D06,Night,5,5,40
2025-12-09,D01,Day,10,10,80
2025-12-09,D01,Evening,8,9,72
2025-12-09,D01,Night,9,10,80
2025-12-09,D02,Day,7,7,56
2025-12-09,D02,Evening,4,2,16
2025-12-09,D02,Night,7,7,56
2025-12-09,D03,Day,8,7,56
2025-12-09,D03,Evening,5,5,40
2025-12-09,D03,Night,6,6,48
2025-12-09,D04,Day,9,9,72
2025-12-09,D04,Evening,8,8,64
2025-12-09,D04,Night,10,8,64
2025-12-09,D05,Day,7,7,56
2025-12-09,D05,Evening,6,4,32
2025-12-09,D05,Night,7,7,56
2025-12-09,D06,Day,3,3,24
2025-12-09,D06,Evening,7,7,56
2025-12-09,D06,Night,6,7,56
2025-12-10,D01,Day,9,7,56
2025-12-10,D01,Evening,10,9,72
2025-12-10,D01,Night,9,9,72
2025-12-10,D02,Day,9,9,72
2025-12-10,D02,Evening,6,7,56
2025-12-10,D02,Night,4,4,32
2025-12-10,D03,Day,6,4,32
2025-12-10,D03,Evening,4,3,24
2025-12-10,D03,Night,5,5,40
2025-12-10,D04,Day,11,11,88
2025-12-10,D04,Evening,7,5,40
2025-12-10,D04,Night,5,5,40
2025-12-10,D05,Day,7,8,64
2025-12-10,D05,Evening,4,4,32
2025-12-10,D05,Night,8,8,64
2025-12-10,D06,Day,5,5,40
2025-12-10,D06,Evening,4,5,40
2025-12-10,D06,Night,6,4,32
2025-12-11,D01,Day,10,10,80
2025-12-11,D01,Evening,5,5,40
2025-12-11,D01,Night,7,6,48
2025-12-11,D02,Day,4,4,32
2025-12-11,D02,Evening,7,7,56
2025-12-11,D02,Night,6,6,48
2025-12-11,D03,Day,7,7,56
2025-12-11,D03,Evening,8,6,48
2025-12-11,D03,Night,4,4,32
2025-12-11,D04,Day,8,7,56
2025-12-11,D04,Evening,6,7,56
2025-12-11,D04,Night,8,8,64
2025-12-11,D05,Day,5,3,24
2025-12-11,D05,Evening,6,6,48
2025-12-11,D05,Night,5,5,40
2025-12-11,D06,Day,3,3,24
2025-12-11,D06,Evening,6,6,48
2025-12-11,D06,Night,2,2,16
2025-12-12,D01,Day,8,8,64
2025-12-12,D01,Evening,11,11,88
2025-12-12,D01,Night,8,9,72
2025-12-12,D02,Day,7,6,48
2025-12-12,D02,Evening,8,8,64
2025-12-12,D02,Night,4,4,32
2025-12-12,D03,Day,5,4,32
2025-12-12,D03,Evening,4,4,32
2025-12-12,D03,Night,5,4,32
2025-12-12,D04,Day,9,7,56
2025-12-12,D04,Evening,7,7,56
2025-12-12,D04,Night,8,6,48
2025-12-12,D05,Day,10,11,88
2025-12-12,D05,Evening,9,9,72
2025-12-12,D05,Night,5,5,40
2025-12-12,D06,Day,6,6,48
2025-12-12,D06,Evening,3,4,32
2025-12-12,D06,Night,4,4,32
2025-12-13,D01,Day,9,10,80
2025-12-13,D01,Evening,6,4,32
2025-12-13,D01,Night,5,6,48
2025-12-13,D02,Day,4,5,40
2025-12-13,D02,Evening,5,5,40
2025-12-13,D02,Night,6,4,32
2025-12-13,D03,Day,4,2,16
2025-12-13,D03,Evening,4,4,32
2025-12-13,D03,Night,3,3,24
2025-12-13,D04,Day,8,8,64
2025-12-13,D04,Evening,9,9,72
2025-12-13,D04,Night,7,7,56
2025-12-13,D05,Day,6,6,48
2025-12-13,D05,Evening,5,6,48
2025-12-13,D05,Night,4,2,16
2025-12-13,D06,Day,4,3,24
2025-12-13,D06,Evening,4,2,16
2025-12-13,D06,Night,3,1,8
2025-12-14,D01,Day,10,9,72
2025-12-14,D01,Evening,10,10,80
2025-12-14,D01,Night,6,7,56
2025-12-14,D02,Day,5,5,40
2025-12-14,D02,Evening,5,3,24
2025-12-14,D02,Night,4,5,40
2025-12-14,D03,Day,5,5,40
2025-12-14,D03,Evening,2,3,24
2025-12-14,D03,Night,7,8,64
2025-12-14,D04,Day,8,8,64
2025-12-14,D04,Evening,8,7,56
2025-12-14,D04,Night,7,7,56
2025-12-14,D05,Day,6,6,48
2025-12-14,D05,Evening,7,7,56
2025-12-14,D05,Night,8,8,64
2025-12-14,D06,Day,4,4,32
2025-12-14,D06,Evening,5,5,40
2025-12-14,D06,Night,5,5,40
2025-12-15,D01,Day,9,8,64
2025-12-15,D01,Evening,7,7,56
2025-12-15,D01,Night,8,8,64
2025-12-15,D02,Day,7,5,40
2025-12-15,D02,Evening,7,5,40
2025-12-15,D02,Night,6,4,32
2025-12-15,D03,Day,5,5,40
2025-12-15,D03,Evening,4,3,24
2025-12-15,D03,Night,5,3,24
2025-12-15,D04,Day,8,9,72
2025-12-15,D04,Evening,6,4,32
2025-12-15,D04,Night,8,6,48
2025-12-15,D05,Day,6,6,48
2025-12-15,D05,Evening,8,8,64
2025-12-15,D05,Night,5,5,40
2025-12-15,D06,Day,8,9,72
2025-12-15,D06,Evening,3,1,8
2025-12-15,D06,Night,5,5,40
2025-12-16,D01,Day,9,7,56
2025-12-16,D01,Evening,7,6,48
2025-12-16,D01,Night,7,7,56
2025-12-16,D02,Day,8,8,64
2025-12-16,D02,Evening,5,3,24
2025-12-16,D02,Night,5,5,40
2025-12-16,D03,Day,7,8,64
2025-12-16,D03,Evening,6,7,56
2025-12-16,D03,Night,5,4,32
2025-12-16,D04,Day,4,4,32
2025-12-16,D04,Evening,8,6,48
2025-12-16,D04,Night,9,8,64
2025-12-16,D05,Day,4,5,40
2025-12-16,D05,Evening,7,8,64
2025-12-16,D05,Night,7,7,56
2025-12-16,D06,Day,6,6,48
2025-12-16,D06,Evening,3,2,16
2025-12-16,D06,Night,5,6,48
2025-12-17,D01,Day,9,9,72
2025-12-17,D01,Evening,10,10,80
2025-12-17,D01,Night,7,6,48
2025-12-17,D02,Day,4,4,32
2025-12-17,D02,Evening,5,4,32
2025-12-17,D02,Night,4,4,32
2025-12-17,D03,Day,5,5,40
2025-12-17,D03,Evening,9,7,56
2025-12-17,D03,Night,3,3,24
2025-12-17,D04,Day,7,7,56
2025-12-17,D04,Evening,9,9,72
2025-12-17,D04,Night,7,6,48
2025-12-17,D05,Day,5,4,32
2025-12-17,D05,Evening,4,3,24
2025-12-17,D05,Night,8,8,64
2025-12-17,D06,Day,7,7,56
2025-12-17,D06,Evening,2,2,16
2025-12-17,D06,Night,4,5,40
2025-12-18,D01,Day,10,10,80
2025-12-18,D01,Evening,9,9,72
2025-12-18,D01,Night,7,6,48
2025-12-18,D02,Day,6,5,40
2025-12-18,D02,Evening,6,6,48
2025-12-18,D02,Night,4,4,32
2025-12-18,D03,Day,4,2,16
2025-12-18,D03,Evening,3,3,24
2025-12-18,D03,Night,4,5,40
2025-12-18,D04,Day,9,9,72
2025-12-18,D04,Evening,9,8,64
2025-12-18,D04,Night,4,4,32
2025-12-18,D05,Day,7,6,48
2025-12-18,D05,Evening,7,7,56
2025-12-18,D05,Night,7,7,56
2025-12-18,D06,Day,6,6,48
2025-12-18,D06,Evening,5,5,40
2025-12-18,D06,Night,7,5,40
2025-12-19,D01,Day,12,12,96
2025-12-19,D01,Evening,7,5,40
2025-12-19,D01,Night,12,12,96
2025-12-19,D02,Day,4,2,16
2025-12-19,D02,Evening,2,3,24
2025-12-19,D02,Night,6,6,48
2025-12-19,D03,Day,4,4,32
2025-12-19,D03,Evening,5,3,24
2025-12-19,D03,Night,5,5,40
2025-12-19,D04,Day,8,9,72
2025-12-19,D04,Evening,7,7,56
2025-12-19,D04,Night,8,6,48
2025-12-19,D05,Day,5,5,40
2025-12-19,D05,Evening,4,4,32
2025-12-19,D05,Night,5,4,32
2025-12-19,D06,Day,5,5,40
2025-12-19,D06,Evening,4,4,32
2025-12-19,D06,Night,7,7,56
2025-12-20,D01,Day,11,11,88
2025-12-20,D01,Evening,7,6,48
2025-12-20,D01,Night,7,6,48
2025-12-20,D02,Day,6,4,32
2025-12-20,D02,Evening,4,5,40
2025-12-20,D02,Night,6,7,56
2025-12-20,D03,Day,8,6,48
2025-12-20,D03,Evening,7,5,40
2025-12-20,D03,Night,4,4,32
2025-12-20,D04,Day,9,8,64
2025-12-20,D04,Evening,6,6,48
2025-12-20,D04,Night,7,7,56
2025-12-20,D05,Day,6,5,40
2025-12-20,D05,Evening,7,7,56
2025-12-20,D05,Night,5,6,48
2025-12-20,D06,Day,5,6,48
2025-12-20,D06,Evening,6,6,48
2025-12-20,D06,Night,5,6,48
2025-12-21,D01,Day,10,10,80
2025-12-21,D01,Evening,11,11,88
2025-12-21,D01,Night,9,9,72
2025-12-21,D02,Day,5,5,40
2025-12-21,D02,Evening,5,3,24
2025-12-21,D02,Night,6,6,48
2025-12-21,D03,Day,7,7,56
2025-12-21,D03,Evening,6,5,40
2025-12-21,D03,Night,5,5,40
2025-12-21,D04,Day,8,9,72
2025-12-21,D04,Evening,6,6,48
2025-12-21,D04,Night,10,9,72
2025-12-21,D05,Day,4,3,24
2025-12-21,D05,Evening,6,7,56
2025-12-21,D05,Night,2,2,16
2025-12-21,D06,Day,2,2,16
2025-12-21,D06,Evening,3,3,24
2025-12-21,D06,Night,2,2,16
2025-12-22,D01,Day,8,8,64
2025-12-22,D01,Evening,8,9,72
2025-12-22,D01,Night,8,8,64
2025-12-22,D02,Day,6,6,48
2025-12-22,D02,Evening,4,2,16
2025-12-22,D02,Night,6,6,48
2025-12-22,D03,Day,6,4,32
2025-12-22,D03,Evening,7,6,48
2025-12-22,D03,Night,2,1,8
2025-12-22,D04,Day,7,7,56
2025-12-22,D04,Evening,10,11,88
2025-12-22,D04,Night,7,8,64
2025-12-22,D05,Day,5,5,40
2025-12-22,D05,Evening,4,4,32
2025-12-22,D05,Night,4,5,40
2025-12-22,D06,Day,4,2,16
2025-12-22,D06,Evening,5,4,32
2025-12-22,D06,Night,6,7,56
2025-12-23,D01,Day,8,6,48
2025-12-23,D01,Evening,9,10,80
2025-12-23,D01,Night,10,9,72
2025-12-23,D02,Day,4,4,32
2025-12-23,D02,Evening,5,3,24
2025-12-23,D02,Night,4,4,32
2025-12-23,D03,Day,4,5,40
2025-12-23,D03,Evening,7,7,56
2025-12-23,D03,Night,3,2,16
2025-12-23,D04,Day,9,10,80
2025-12-23,D04,Evening,8,9,72
2025-12-23,D04,Night,8,8,64
2025-12-23,D05,Day,6,7,56
2025-12-23,D05,Evening,5,5,40
2025-12-23,D05,Night,5,5,40
2025-12-23,D06,Day,3,3,24
2025-12-23,D06,Evening,3,1,8
2025-12-23,D06,Night,4,3,24
2025-12-24,D01,Day,9,9,72
2025-12-24,D01,Evening,9,9,72
2025-12-24,D01,Night,8,7,56
2025-12-24,D02,Day,7,6,48
2025-12-24,D02,Evening,6,6,48
2025-12-24,D02,Night,8,8,64
2025-12-24,D03,Day,3,3,24
2025-12-24,D03,Evening,8,8,64
2025-12-24,D03,Night,8,9,72
2025-12-24,D04,Day,6,4,32
2025-12-24,D04,Evening,9,9,72
2025-12-24,D04,Night,6,6,48
2025-12-24,D05,Day,5,5,40
2025-12-24,D05,Evening,5,4,32
2025-12-24,D05,Night,6,7,56
2025-12-24,D06,Day,5,6,48
2025-12-24,D06,Evening,4,2,16
2025-12-24,D06,Night,3,3,24
2025-12-25,D01,Day,11,12,96
2025-12-25,D01,Evening,7,7,56
2025-12-25,D01,Night,9,9,72
2025-12-25,D02,Day,6,7,56
2025-12-25,D02,Evening,5,6,48
2025-12-25,D02,Night,4,3,24
2025-12-25,D03,Day,7,7,56
2025-12-25,D03,Evening,8,7,56
2025-12-25,D03,Night,6,6,48
2025-12-25,D04,Day,8,7,56
2025-12-25,D04,Evening,8,7,56
2025-12-25,D04,Night,7,7,56
2025-12-25,D05,Day,6,6,48
2025-12-25,D05,Evening,5,5,40
2025-12-25,D05,Night,4,4,32
2025-12-25,D06,Day,6,7,56
2025-12-25,D06,Evening,4,3,24
2025-12-25,D06,Night,6,7,56
2025-12-26,D01,Day,8,8,64
2025-12-26,D01,Evening,7,7,56
2025-12-26,D01,Night,9,9,72
2025-12-26,D02,Day,6,7,56
2025-12-26,D02,Evening,8,8,64
2025-12-26,D02,Night,5,6,48
2025-12-26,D03,Day,5,5,40
2025-12-26,D03,Evening,5,6,48
2025-12-26,D03,Night,4,4,32
2025-12-26,D04,Day,9,9,72
2025-12-26,D04,Evening,7,7,56
2025-12-26,D04,Night,7,8,64
2025-12-26,D05,Day,8,7,56
2025-12-26,D05,Evening,5,6,48
2025-12-26,D05,Night,6,4,32
2025-12-26,D06,Day,3,3,24
2025-12-26,D06,Evening,5,5,40
2025-12-26,D06,Night,3,4,32
2025-12-27,D01,Day,8,7,56
2025-12-27,D01,Evening,9,9,72
2025-12-27,D01,Night,11,10,80
2025-12-27,D02,Day,6,7,56
2025-12-27,D02,Evening,3,2,16
2025-12-27,D02,Night,3,3,24
2025-12-27,D03,Day,7,7,56
2025-12-27,D03,Evening,4,4,32
2025-12-27,D03,Night,6,6,48
2025-12-27,D04,Day,6,6,48
2025-12-27,D04,Evening,6,6,48
2025-12-27,D04,Night,8,6,48
2025-12-27,D05,Day,4,2,16
2025-12-27,D05,Evening,5,3,24
2025-12-27,D05,Night,4,4,32
2025-12-27,D06,Day,5,5,40
2025-12-27,D06,Evening,2,2,16
2025-12-27,D06,Night,5,5,40
2025-12-28,D01,Day,8,6,48
2025-12-28,D01,Evening,8,6,48
2025-12-28,D01,Night,10,10,80
2025-12-28,D02,Day,4,5,40
2025-12-28,D02,Evening,7,8,64
2025-12-28,D02,Night,6,6,48
2025-12-28,D03,Day,5,5,40
2025-12-28,D03,Evening,7,7,56
2025-12-28,D03,Night,8,6,48
2025-12-28,D04,Day,8,6,48
2025-12-28,D04,Evening,7,5,40
2025-12-28,D04,Night,9,9,72
2025-12-28,D05,Day,5,5,40
2025-12-28,D05,Evening,5,6,48
2025-12-28,D05,Night,6,6,48
2025-12-28,D06,Day,5,5,40
2025-12-28,D06,Evening,5,4,32
2025-12-28,D06,Night,4,4,32
2025-12-29,D01,Day,8,8,64
2025-12-29,D01,Evening,9,7,56
2025-12-29,D01,Night,7,7,56
2025-12-29,D02,Day,6,4,32
2025-12-29,D02,Evening,4,4,32
2025-12-29,D02,Night,3,2,16
2025-12-29,D03,Day,4,5,40
2025-12-29,D03,Evening,6,7,56
2025-12-29,D03,Night,7,7,56
2025-12-29,D04,Day,8,7,56
2025-12-29,D04,Evening,11,9,72
2025-12-29,D04,Night,11,11,88
2025-12-29,D05,Day,5,5,40
2025-12-29,D05,Evening,5,6,48
2025-12-29,D05,Night,3,3,24
2025-12-29,D06,Day,6,6,48
2025-12-29,D06,Evening,5,5,40
2025-12-29,D06,Night,3,3,24
2025-12-30,D01,Day,11,11,88
2025-12-30,D01,Evening,6,5,40
2025-12-30,D01,Night,10,11,88
2025-12-30,D02,Day,7,8,64
2025-12-30,D02,Evening,7,7,56
2025-12-30,D02,Night,6,6,48
2025-12-30,D03,Day,7,5,40
2025-12-30,D03,Evening,7,7,56
2025-12-30,D03,Night,3,3,24
2025-12-30,D04,Day,7,5,40
2025-12-30,D04,Evening,7,6,48
2025-12-30,D04,Night,7,7,56
2025-12-30,D05,Day,6,5,40
2025-12-30,D05,Evening,5,3,24
2025-12-30,D05,Night,7,6,48
2025-12-30,D06,Day,7,7,56
2025-12-30,D06,Evening,6,6,48
2025-12-30,D06,Night,2,2,16
2025-12-31,D01,Day,8,7,56
2025-12-31,D01,Evening,8,7,56
2025-12-31,D01,Night,13,12,96
2025-12-31,D02,Day,3,2,16
2025-12-31,D02,Evening,6,7,56
2025-12-31,D02,Night,5,3,24
2025-12-31,D03,Day,2,2,16
2025-12-31,D03,Evening,5,5,40
2025-12-31,D03,Night,8,8,64
2025-12-31,D04,Day,6,4,32
2025-12-31,D04,Evening,5,3,24
2025-12-31,D04,Night,6,7,56
2025-12-31,D05,Day,7,8,64
2025-12-31,D05,Evening,6,7,56
2025-12-31,D05,Night,7,6,48
2025-12-31,D06,Day,5,3,24
2025-12-31,D06,Evening,6,6,48
2025-12-31,D06,Night,4,5,40
